// Copyright 2018 The Nakama Authors
//
// Licensed under the Apache License, Version 2.0 (the "License");
// you may not use this file except in compliance with the License.
// You may obtain a copy of the License at
//
// http://www.apache.org/licenses/LICENSE-2.0
//
// Unless required by applicable law or agreed to in writing, software
// distributed under the License is distributed on an "AS IS" BASIS,
// WITHOUT WARRANTIES OR CONDITIONS OF ANY KIND, either express or implied.
// See the License for the specific language governing permissions and
// limitations under the License.

//*
// The Nakama server RPC protocol for games and apps.

// Code generated by protoc-gen-go. DO NOT EDIT.
// versions:
// 	protoc-gen-go v1.36.4
// 	protoc        v5.29.3
// source: apigrpc.proto

package apigrpc

import (
	_ "github.com/grpc-ecosystem/grpc-gateway/v2/protoc-gen-openapiv2/options"
	api "github.com/heroiclabs/nakama-common/api"
	game "github.com/heroiclabs/nakama/v3/game"
	_ "google.golang.org/genproto/googleapis/api/annotations"
	protoreflect "google.golang.org/protobuf/reflect/protoreflect"
	protoimpl "google.golang.org/protobuf/runtime/protoimpl"
	emptypb "google.golang.org/protobuf/types/known/emptypb"
	reflect "reflect"
	unsafe "unsafe"
)

const (
	// Verify that this generated code is sufficiently up-to-date.
	_ = protoimpl.EnforceVersion(20 - protoimpl.MinVersion)
	// Verify that runtime/protoimpl is sufficiently up-to-date.
	_ = protoimpl.EnforceVersion(protoimpl.MaxVersion - 20)
)

var File_apigrpc_proto protoreflect.FileDescriptor

var file_apigrpc_proto_rawDesc = string([]byte{
	0x0a, 0x0d, 0x61, 0x70, 0x69, 0x67, 0x72, 0x70, 0x63, 0x2e, 0x70, 0x72, 0x6f, 0x74, 0x6f, 0x12,
	0x0a, 0x6e, 0x61, 0x6b, 0x61, 0x6d, 0x61, 0x2e, 0x61, 0x70, 0x69, 0x1a, 0x1c, 0x67, 0x6f, 0x6f,
	0x67, 0x6c, 0x65, 0x2f, 0x61, 0x70, 0x69, 0x2f, 0x61, 0x6e, 0x6e, 0x6f, 0x74, 0x61, 0x74, 0x69,
	0x6f, 0x6e, 0x73, 0x2e, 0x70, 0x72, 0x6f, 0x74, 0x6f, 0x1a, 0x1b, 0x67, 0x6f, 0x6f, 0x67, 0x6c,
	0x65, 0x2f, 0x70, 0x72, 0x6f, 0x74, 0x6f, 0x62, 0x75, 0x66, 0x2f, 0x65, 0x6d, 0x70, 0x74, 0x79,
	0x2e, 0x70, 0x72, 0x6f, 0x74, 0x6f, 0x1a, 0x2e, 0x70, 0x72, 0x6f, 0x74, 0x6f, 0x63, 0x2d, 0x67,
	0x65, 0x6e, 0x2d, 0x6f, 0x70, 0x65, 0x6e, 0x61, 0x70, 0x69, 0x76, 0x32, 0x2f, 0x6f, 0x70, 0x74,
	0x69, 0x6f, 0x6e, 0x73, 0x2f, 0x61, 0x6e, 0x6e, 0x6f, 0x74, 0x61, 0x74, 0x69, 0x6f, 0x6e, 0x73,
	0x2e, 0x70, 0x72, 0x6f, 0x74, 0x6f, 0x1a, 0x31, 0x67, 0x69, 0x74, 0x68, 0x75, 0x62, 0x2e, 0x63,
	0x6f, 0x6d, 0x2f, 0x68, 0x65, 0x72, 0x6f, 0x69, 0x63, 0x6c, 0x61, 0x62, 0x73, 0x2f, 0x6e, 0x61,
	0x6b, 0x61, 0x6d, 0x61, 0x2d, 0x63, 0x6f, 0x6d, 0x6d, 0x6f, 0x6e, 0x2f, 0x61, 0x70, 0x69, 0x2f,
	0x61, 0x70, 0x69, 0x2e, 0x70, 0x72, 0x6f, 0x74, 0x6f, 0x1a, 0x09, 0x6d, 0x73, 0x67, 0x2e, 0x70,
	0x72, 0x6f, 0x74, 0x6f, 0x32, 0x94, 0x77, 0x0a, 0x06, 0x4e, 0x61, 0x6b, 0x61, 0x6d, 0x61, 0x12,
	0x57, 0x0a, 0x0a, 0x41, 0x64, 0x64, 0x46, 0x72, 0x69, 0x65, 0x6e, 0x64, 0x73, 0x12, 0x1d, 0x2e,
	0x6e, 0x61, 0x6b, 0x61, 0x6d, 0x61, 0x2e, 0x61, 0x70, 0x69, 0x2e, 0x41, 0x64, 0x64, 0x46, 0x72,
	0x69, 0x65, 0x6e, 0x64, 0x73, 0x52, 0x65, 0x71, 0x75, 0x65, 0x73, 0x74, 0x1a, 0x16, 0x2e, 0x67,
	0x6f, 0x6f, 0x67, 0x6c, 0x65, 0x2e, 0x70, 0x72, 0x6f, 0x74, 0x6f, 0x62, 0x75, 0x66, 0x2e, 0x45,
	0x6d, 0x70, 0x74, 0x79, 0x22, 0x12, 0x82, 0xd3, 0xe4, 0x93, 0x02, 0x0c, 0x22, 0x0a, 0x2f, 0x76,
	0x32, 0x2f, 0x66, 0x72, 0x69, 0x65, 0x6e, 0x64, 0x12, 0x6b, 0x0a, 0x0d, 0x41, 0x64, 0x64, 0x47,
	0x72, 0x6f, 0x75, 0x70, 0x55, 0x73, 0x65, 0x72, 0x73, 0x12, 0x20, 0x2e, 0x6e, 0x61, 0x6b, 0x61,
	0x6d, 0x61, 0x2e, 0x61, 0x70, 0x69, 0x2e, 0x41, 0x64, 0x64, 0x47, 0x72, 0x6f, 0x75, 0x70, 0x55,
	0x73, 0x65, 0x72, 0x73, 0x52, 0x65, 0x71, 0x75, 0x65, 0x73, 0x74, 0x1a, 0x16, 0x2e, 0x67, 0x6f,
	0x6f, 0x67, 0x6c, 0x65, 0x2e, 0x70, 0x72, 0x6f, 0x74, 0x6f, 0x62, 0x75, 0x66, 0x2e, 0x45, 0x6d,
	0x70, 0x74, 0x79, 0x22, 0x20, 0x82, 0xd3, 0xe4, 0x93, 0x02, 0x1a, 0x22, 0x18, 0x2f, 0x76, 0x32,
	0x2f, 0x67, 0x72, 0x6f, 0x75, 0x70, 0x2f, 0x7b, 0x67, 0x72, 0x6f, 0x75, 0x70, 0x5f, 0x69, 0x64,
	0x7d, 0x2f, 0x61, 0x64, 0x64, 0x12, 0x84, 0x01, 0x0a, 0x0e, 0x53, 0x65, 0x73, 0x73, 0x69, 0x6f,
	0x6e, 0x52, 0x65, 0x66, 0x72, 0x65, 0x73, 0x68, 0x12, 0x21, 0x2e, 0x6e, 0x61, 0x6b, 0x61, 0x6d,
	0x61, 0x2e, 0x61, 0x70, 0x69, 0x2e, 0x53, 0x65, 0x73, 0x73, 0x69, 0x6f, 0x6e, 0x52, 0x65, 0x66,
	0x72, 0x65, 0x73, 0x68, 0x52, 0x65, 0x71, 0x75, 0x65, 0x73, 0x74, 0x1a, 0x13, 0x2e, 0x6e, 0x61,
	0x6b, 0x61, 0x6d, 0x61, 0x2e, 0x61, 0x70, 0x69, 0x2e, 0x53, 0x65, 0x73, 0x73, 0x69, 0x6f, 0x6e,
	0x22, 0x3a, 0x92, 0x41, 0x11, 0x62, 0x0f, 0x0a, 0x0d, 0x0a, 0x09, 0x42, 0x61, 0x73, 0x69, 0x63,
	0x41, 0x75, 0x74, 0x68, 0x12, 0x00, 0x82, 0xd3, 0xe4, 0x93, 0x02, 0x20, 0x3a, 0x01, 0x2a, 0x22,
	0x1b, 0x2f, 0x76, 0x32, 0x2f, 0x61, 0x63, 0x63, 0x6f, 0x75, 0x6e, 0x74, 0x2f, 0x73, 0x65, 0x73,
	0x73, 0x69, 0x6f, 0x6e, 0x2f, 0x72, 0x65, 0x66, 0x72, 0x65, 0x73, 0x68, 0x12, 0x68, 0x0a, 0x0d,
	0x53, 0x65, 0x73, 0x73, 0x69, 0x6f, 0x6e, 0x4c, 0x6f, 0x67, 0x6f, 0x75, 0x74, 0x12, 0x20, 0x2e,
	0x6e, 0x61, 0x6b, 0x61, 0x6d, 0x61, 0x2e, 0x61, 0x70, 0x69, 0x2e, 0x53, 0x65, 0x73, 0x73, 0x69,
	0x6f, 0x6e, 0x4c, 0x6f, 0x67, 0x6f, 0x75, 0x74, 0x52, 0x65, 0x71, 0x75, 0x65, 0x73, 0x74, 0x1a,
	0x16, 0x2e, 0x67, 0x6f, 0x6f, 0x67, 0x6c, 0x65, 0x2e, 0x70, 0x72, 0x6f, 0x74, 0x6f, 0x62, 0x75,
	0x66, 0x2e, 0x45, 0x6d, 0x70, 0x74, 0x79, 0x22, 0x1d, 0x82, 0xd3, 0xe4, 0x93, 0x02, 0x17, 0x3a,
	0x01, 0x2a, 0x22, 0x12, 0x2f, 0x76, 0x32, 0x2f, 0x73, 0x65, 0x73, 0x73, 0x69, 0x6f, 0x6e, 0x2f,
	0x6c, 0x6f, 0x67, 0x6f, 0x75, 0x74, 0x12, 0x93, 0x01, 0x0a, 0x11, 0x41, 0x75, 0x74, 0x68, 0x65,
	0x6e, 0x74, 0x69, 0x63, 0x61, 0x74, 0x65, 0x41, 0x70, 0x70, 0x6c, 0x65, 0x12, 0x24, 0x2e, 0x6e,
	0x61, 0x6b, 0x61, 0x6d, 0x61, 0x2e, 0x61, 0x70, 0x69, 0x2e, 0x41, 0x75, 0x74, 0x68, 0x65, 0x6e,
	0x74, 0x69, 0x63, 0x61, 0x74, 0x65, 0x41, 0x70, 0x70, 0x6c, 0x65, 0x52, 0x65, 0x71, 0x75, 0x65,
	0x73, 0x74, 0x1a, 0x13, 0x2e, 0x6e, 0x61, 0x6b, 0x61, 0x6d, 0x61, 0x2e, 0x61, 0x70, 0x69, 0x2e,
	0x53, 0x65, 0x73, 0x73, 0x69, 0x6f, 0x6e, 0x22, 0x43, 0x92, 0x41, 0x11, 0x62, 0x0f, 0x0a, 0x0d,
	0x0a, 0x09, 0x42, 0x61, 0x73, 0x69, 0x63, 0x41, 0x75, 0x74, 0x68, 0x12, 0x00, 0x82, 0xd3, 0xe4,
	0x93, 0x02, 0x29, 0x3a, 0x07, 0x61, 0x63, 0x63, 0x6f, 0x75, 0x6e, 0x74, 0x22, 0x1e, 0x2f, 0x76,
	0x32, 0x2f, 0x61, 0x63, 0x63, 0x6f, 0x75, 0x6e, 0x74, 0x2f, 0x61, 0x75, 0x74, 0x68, 0x65, 0x6e,
	0x74, 0x69, 0x63, 0x61, 0x74, 0x65, 0x2f, 0x61, 0x70, 0x70, 0x6c, 0x65, 0x12, 0x96, 0x01, 0x0a,
	0x12, 0x41, 0x75, 0x74, 0x68, 0x65, 0x6e, 0x74, 0x69, 0x63, 0x61, 0x74, 0x65, 0x43, 0x75, 0x73,
	0x74, 0x6f, 0x6d, 0x12, 0x25, 0x2e, 0x6e, 0x61, 0x6b, 0x61, 0x6d, 0x61, 0x2e, 0x61, 0x70, 0x69,
	0x2e, 0x41, 0x75, 0x74, 0x68, 0x65, 0x6e, 0x74, 0x69, 0x63, 0x61, 0x74, 0x65, 0x43, 0x75, 0x73,
	0x74, 0x6f, 0x6d, 0x52, 0x65, 0x71, 0x75, 0x65, 0x73, 0x74, 0x1a, 0x13, 0x2e, 0x6e, 0x61, 0x6b,
	0x61, 0x6d, 0x61, 0x2e, 0x61, 0x70, 0x69, 0x2e, 0x53, 0x65, 0x73, 0x73, 0x69, 0x6f, 0x6e, 0x22,
	0x44, 0x92, 0x41, 0x11, 0x62, 0x0f, 0x0a, 0x0d, 0x0a, 0x09, 0x42, 0x61, 0x73, 0x69, 0x63, 0x41,
	0x75, 0x74, 0x68, 0x12, 0x00, 0x82, 0xd3, 0xe4, 0x93, 0x02, 0x2a, 0x3a, 0x07, 0x61, 0x63, 0x63,
	0x6f, 0x75, 0x6e, 0x74, 0x22, 0x1f, 0x2f, 0x76, 0x32, 0x2f, 0x61, 0x63, 0x63, 0x6f, 0x75, 0x6e,
	0x74, 0x2f, 0x61, 0x75, 0x74, 0x68, 0x65, 0x6e, 0x74, 0x69, 0x63, 0x61, 0x74, 0x65, 0x2f, 0x63,
	0x75, 0x73, 0x74, 0x6f, 0x6d, 0x12, 0x96, 0x01, 0x0a, 0x12, 0x41, 0x75, 0x74, 0x68, 0x65, 0x6e,
	0x74, 0x69, 0x63, 0x61, 0x74, 0x65, 0x44, 0x65, 0x76, 0x69, 0x63, 0x65, 0x12, 0x25, 0x2e, 0x6e,
	0x61, 0x6b, 0x61, 0x6d, 0x61, 0x2e, 0x61, 0x70, 0x69, 0x2e, 0x41, 0x75, 0x74, 0x68, 0x65, 0x6e,
	0x74, 0x69, 0x63, 0x61, 0x74, 0x65, 0x44, 0x65, 0x76, 0x69, 0x63, 0x65, 0x52, 0x65, 0x71, 0x75,
	0x65, 0x73, 0x74, 0x1a, 0x13, 0x2e, 0x6e, 0x61, 0x6b, 0x61, 0x6d, 0x61, 0x2e, 0x61, 0x70, 0x69,
	0x2e, 0x53, 0x65, 0x73, 0x73, 0x69, 0x6f, 0x6e, 0x22, 0x44, 0x92, 0x41, 0x11, 0x62, 0x0f, 0x0a,
	0x0d, 0x0a, 0x09, 0x42, 0x61, 0x73, 0x69, 0x63, 0x41, 0x75, 0x74, 0x68, 0x12, 0x00, 0x82, 0xd3,
	0xe4, 0x93, 0x02, 0x2a, 0x3a, 0x07, 0x61, 0x63, 0x63, 0x6f, 0x75, 0x6e, 0x74, 0x22, 0x1f, 0x2f,
	0x76, 0x32, 0x2f, 0x61, 0x63, 0x63, 0x6f, 0x75, 0x6e, 0x74, 0x2f, 0x61, 0x75, 0x74, 0x68, 0x65,
	0x6e, 0x74, 0x69, 0x63, 0x61, 0x74, 0x65, 0x2f, 0x64, 0x65, 0x76, 0x69, 0x63, 0x65, 0x12, 0x93,
	0x01, 0x0a, 0x11, 0x41, 0x75, 0x74, 0x68, 0x65, 0x6e, 0x74, 0x69, 0x63, 0x61, 0x74, 0x65, 0x45,
	0x6d, 0x61, 0x69, 0x6c, 0x12, 0x24, 0x2e, 0x6e, 0x61, 0x6b, 0x61, 0x6d, 0x61, 0x2e, 0x61, 0x70,
	0x69, 0x2e, 0x41, 0x75, 0x74, 0x68, 0x65, 0x6e, 0x74, 0x69, 0x63, 0x61, 0x74, 0x65, 0x45, 0x6d,
	0x61, 0x69, 0x6c, 0x52, 0x65, 0x71, 0x75, 0x65, 0x73, 0x74, 0x1a, 0x13, 0x2e, 0x6e, 0x61, 0x6b,
	0x61, 0x6d, 0x61, 0x2e, 0x61, 0x70, 0x69, 0x2e, 0x53, 0x65, 0x73, 0x73, 0x69, 0x6f, 0x6e, 0x22,
	0x43, 0x92, 0x41, 0x11, 0x62, 0x0f, 0x0a, 0x0d, 0x0a, 0x09, 0x42, 0x61, 0x73, 0x69, 0x63, 0x41,
	0x75, 0x74, 0x68, 0x12, 0x00, 0x82, 0xd3, 0xe4, 0x93, 0x02, 0x29, 0x3a, 0x07, 0x61, 0x63, 0x63,
	0x6f, 0x75, 0x6e, 0x74, 0x22, 0x1e, 0x2f, 0x76, 0x32, 0x2f, 0x61, 0x63, 0x63, 0x6f, 0x75, 0x6e,
	0x74, 0x2f, 0x61, 0x75, 0x74, 0x68, 0x65, 0x6e, 0x74, 0x69, 0x63, 0x61, 0x74, 0x65, 0x2f, 0x65,
	0x6d, 0x61, 0x69, 0x6c, 0x12, 0x9c, 0x01, 0x0a, 0x14, 0x41, 0x75, 0x74, 0x68, 0x65, 0x6e, 0x74,
	0x69, 0x63, 0x61, 0x74, 0x65, 0x46, 0x61, 0x63, 0x65, 0x62, 0x6f, 0x6f, 0x6b, 0x12, 0x27, 0x2e,
	0x6e, 0x61, 0x6b, 0x61, 0x6d, 0x61, 0x2e, 0x61, 0x70, 0x69, 0x2e, 0x41, 0x75, 0x74, 0x68, 0x65,
	0x6e, 0x74, 0x69, 0x63, 0x61, 0x74, 0x65, 0x46, 0x61, 0x63, 0x65, 0x62, 0x6f, 0x6f, 0x6b, 0x52,
	0x65, 0x71, 0x75, 0x65, 0x73, 0x74, 0x1a, 0x13, 0x2e, 0x6e, 0x61, 0x6b, 0x61, 0x6d, 0x61, 0x2e,
	0x61, 0x70, 0x69, 0x2e, 0x53, 0x65, 0x73, 0x73, 0x69, 0x6f, 0x6e, 0x22, 0x46, 0x92, 0x41, 0x11,
	0x62, 0x0f, 0x0a, 0x0d, 0x0a, 0x09, 0x42, 0x61, 0x73, 0x69, 0x63, 0x41, 0x75, 0x74, 0x68, 0x12,
	0x00, 0x82, 0xd3, 0xe4, 0x93, 0x02, 0x2c, 0x3a, 0x07, 0x61, 0x63, 0x63, 0x6f, 0x75, 0x6e, 0x74,
	0x22, 0x21, 0x2f, 0x76, 0x32, 0x2f, 0x61, 0x63, 0x63, 0x6f, 0x75, 0x6e, 0x74, 0x2f, 0x61, 0x75,
	0x74, 0x68, 0x65, 0x6e, 0x74, 0x69, 0x63, 0x61, 0x74, 0x65, 0x2f, 0x66, 0x61, 0x63, 0x65, 0x62,
	0x6f, 0x6f, 0x6b, 0x12, 0xbd, 0x01, 0x0a, 0x1f, 0x41, 0x75, 0x74, 0x68, 0x65, 0x6e, 0x74, 0x69,
	0x63, 0x61, 0x74, 0x65, 0x46, 0x61, 0x63, 0x65, 0x62, 0x6f, 0x6f, 0x6b, 0x49, 0x6e, 0x73, 0x74,
	0x61, 0x6e, 0x74, 0x47, 0x61, 0x6d, 0x65, 0x12, 0x32, 0x2e, 0x6e, 0x61, 0x6b, 0x61, 0x6d, 0x61,
	0x2e, 0x61, 0x70, 0x69, 0x2e, 0x41, 0x75, 0x74, 0x68, 0x65, 0x6e, 0x74, 0x69, 0x63, 0x61, 0x74,
	0x65, 0x46, 0x61, 0x63, 0x65, 0x62, 0x6f, 0x6f, 0x6b, 0x49, 0x6e, 0x73, 0x74, 0x61, 0x6e, 0x74,
	0x47, 0x61, 0x6d, 0x65, 0x52, 0x65, 0x71, 0x75, 0x65, 0x73, 0x74, 0x1a, 0x13, 0x2e, 0x6e, 0x61,
	0x6b, 0x61, 0x6d, 0x61, 0x2e, 0x61, 0x70, 0x69, 0x2e, 0x53, 0x65, 0x73, 0x73, 0x69, 0x6f, 0x6e,
	0x22, 0x51, 0x92, 0x41, 0x11, 0x62, 0x0f, 0x0a, 0x0d, 0x0a, 0x09, 0x42, 0x61, 0x73, 0x69, 0x63,
	0x41, 0x75, 0x74, 0x68, 0x12, 0x00, 0x82, 0xd3, 0xe4, 0x93, 0x02, 0x37, 0x3a, 0x07, 0x61, 0x63,
	0x63, 0x6f, 0x75, 0x6e, 0x74, 0x22, 0x2c, 0x2f, 0x76, 0x32, 0x2f, 0x61, 0x63, 0x63, 0x6f, 0x75,
	0x6e, 0x74, 0x2f, 0x61, 0x75, 0x74, 0x68, 0x65, 0x6e, 0x74, 0x69, 0x63, 0x61, 0x74, 0x65, 0x2f,
	0x66, 0x61, 0x63, 0x65, 0x62, 0x6f, 0x6f, 0x6b, 0x69, 0x6e, 0x73, 0x74, 0x61, 0x6e, 0x74, 0x67,
	0x61, 0x6d, 0x65, 0x12, 0xa2, 0x01, 0x0a, 0x16, 0x41, 0x75, 0x74, 0x68, 0x65, 0x6e, 0x74, 0x69,
	0x63, 0x61, 0x74, 0x65, 0x47, 0x61, 0x6d, 0x65, 0x43, 0x65, 0x6e, 0x74, 0x65, 0x72, 0x12, 0x29,
	0x2e, 0x6e, 0x61, 0x6b, 0x61, 0x6d, 0x61, 0x2e, 0x61, 0x70, 0x69, 0x2e, 0x41, 0x75, 0x74, 0x68,
	0x65, 0x6e, 0x74, 0x69, 0x63, 0x61, 0x74, 0x65, 0x47, 0x61, 0x6d, 0x65, 0x43, 0x65, 0x6e, 0x74,
	0x65, 0x72, 0x52, 0x65, 0x71, 0x75, 0x65, 0x73, 0x74, 0x1a, 0x13, 0x2e, 0x6e, 0x61, 0x6b, 0x61,
	0x6d, 0x61, 0x2e, 0x61, 0x70, 0x69, 0x2e, 0x53, 0x65, 0x73, 0x73, 0x69, 0x6f, 0x6e, 0x22, 0x48,
	0x92, 0x41, 0x11, 0x62, 0x0f, 0x0a, 0x0d, 0x0a, 0x09, 0x42, 0x61, 0x73, 0x69, 0x63, 0x41, 0x75,
	0x74, 0x68, 0x12, 0x00, 0x82, 0xd3, 0xe4, 0x93, 0x02, 0x2e, 0x3a, 0x07, 0x61, 0x63, 0x63, 0x6f,
	0x75, 0x6e, 0x74, 0x22, 0x23, 0x2f, 0x76, 0x32, 0x2f, 0x61, 0x63, 0x63, 0x6f, 0x75, 0x6e, 0x74,
	0x2f, 0x61, 0x75, 0x74, 0x68, 0x65, 0x6e, 0x74, 0x69, 0x63, 0x61, 0x74, 0x65, 0x2f, 0x67, 0x61,
	0x6d, 0x65, 0x63, 0x65, 0x6e, 0x74, 0x65, 0x72, 0x12, 0x96, 0x01, 0x0a, 0x12, 0x41, 0x75, 0x74,
	0x68, 0x65, 0x6e, 0x74, 0x69, 0x63, 0x61, 0x74, 0x65, 0x47, 0x6f, 0x6f, 0x67, 0x6c, 0x65, 0x12,
	0x25, 0x2e, 0x6e, 0x61, 0x6b, 0x61, 0x6d, 0x61, 0x2e, 0x61, 0x70, 0x69, 0x2e, 0x41, 0x75, 0x74,
	0x68, 0x65, 0x6e, 0x74, 0x69, 0x63, 0x61, 0x74, 0x65, 0x47, 0x6f, 0x6f, 0x67, 0x6c, 0x65, 0x52,
	0x65, 0x71, 0x75, 0x65, 0x73, 0x74, 0x1a, 0x13, 0x2e, 0x6e, 0x61, 0x6b, 0x61, 0x6d, 0x61, 0x2e,
	0x61, 0x70, 0x69, 0x2e, 0x53, 0x65, 0x73, 0x73, 0x69, 0x6f, 0x6e, 0x22, 0x44, 0x92, 0x41, 0x11,
	0x62, 0x0f, 0x0a, 0x0d, 0x0a, 0x09, 0x42, 0x61, 0x73, 0x69, 0x63, 0x41, 0x75, 0x74, 0x68, 0x12,
	0x00, 0x82, 0xd3, 0xe4, 0x93, 0x02, 0x2a, 0x3a, 0x07, 0x61, 0x63, 0x63, 0x6f, 0x75, 0x6e, 0x74,
	0x22, 0x1f, 0x2f, 0x76, 0x32, 0x2f, 0x61, 0x63, 0x63, 0x6f, 0x75, 0x6e, 0x74, 0x2f, 0x61, 0x75,
	0x74, 0x68, 0x65, 0x6e, 0x74, 0x69, 0x63, 0x61, 0x74, 0x65, 0x2f, 0x67, 0x6f, 0x6f, 0x67, 0x6c,
	0x65, 0x12, 0x93, 0x01, 0x0a, 0x11, 0x41, 0x75, 0x74, 0x68, 0x65, 0x6e, 0x74, 0x69, 0x63, 0x61,
	0x74, 0x65, 0x53, 0x74, 0x65, 0x61, 0x6d, 0x12, 0x24, 0x2e, 0x6e, 0x61, 0x6b, 0x61, 0x6d, 0x61,
	0x2e, 0x61, 0x70, 0x69, 0x2e, 0x41, 0x75, 0x74, 0x68, 0x65, 0x6e, 0x74, 0x69, 0x63, 0x61, 0x74,
	0x65, 0x53, 0x74, 0x65, 0x61, 0x6d, 0x52, 0x65, 0x71, 0x75, 0x65, 0x73, 0x74, 0x1a, 0x13, 0x2e,
	0x6e, 0x61, 0x6b, 0x61, 0x6d, 0x61, 0x2e, 0x61, 0x70, 0x69, 0x2e, 0x53, 0x65, 0x73, 0x73, 0x69,
	0x6f, 0x6e, 0x22, 0x43, 0x92, 0x41, 0x11, 0x62, 0x0f, 0x0a, 0x0d, 0x0a, 0x09, 0x42, 0x61, 0x73,
	0x69, 0x63, 0x41, 0x75, 0x74, 0x68, 0x12, 0x00, 0x82, 0xd3, 0xe4, 0x93, 0x02, 0x29, 0x3a, 0x07,
	0x61, 0x63, 0x63, 0x6f, 0x75, 0x6e, 0x74, 0x22, 0x1e, 0x2f, 0x76, 0x32, 0x2f, 0x61, 0x63, 0x63,
	0x6f, 0x75, 0x6e, 0x74, 0x2f, 0x61, 0x75, 0x74, 0x68, 0x65, 0x6e, 0x74, 0x69, 0x63, 0x61, 0x74,
	0x65, 0x2f, 0x73, 0x74, 0x65, 0x61, 0x6d, 0x12, 0x6b, 0x0a, 0x0d, 0x42, 0x61, 0x6e, 0x47, 0x72,
	0x6f, 0x75, 0x70, 0x55, 0x73, 0x65, 0x72, 0x73, 0x12, 0x20, 0x2e, 0x6e, 0x61, 0x6b, 0x61, 0x6d,
	0x61, 0x2e, 0x61, 0x70, 0x69, 0x2e, 0x42, 0x61, 0x6e, 0x47, 0x72, 0x6f, 0x75, 0x70, 0x55, 0x73,
	0x65, 0x72, 0x73, 0x52, 0x65, 0x71, 0x75, 0x65, 0x73, 0x74, 0x1a, 0x16, 0x2e, 0x67, 0x6f, 0x6f,
	0x67, 0x6c, 0x65, 0x2e, 0x70, 0x72, 0x6f, 0x74, 0x6f, 0x62, 0x75, 0x66, 0x2e, 0x45, 0x6d, 0x70,
	0x74, 0x79, 0x22, 0x20, 0x82, 0xd3, 0xe4, 0x93, 0x02, 0x1a, 0x22, 0x18, 0x2f, 0x76, 0x32, 0x2f,
	0x67, 0x72, 0x6f, 0x75, 0x70, 0x2f, 0x7b, 0x67, 0x72, 0x6f, 0x75, 0x70, 0x5f, 0x69, 0x64, 0x7d,
	0x2f, 0x62, 0x61, 0x6e, 0x12, 0x61, 0x0a, 0x0c, 0x42, 0x6c, 0x6f, 0x63, 0x6b, 0x46, 0x72, 0x69,
	0x65, 0x6e, 0x64, 0x73, 0x12, 0x1f, 0x2e, 0x6e, 0x61, 0x6b, 0x61, 0x6d, 0x61, 0x2e, 0x61, 0x70,
	0x69, 0x2e, 0x42, 0x6c, 0x6f, 0x63, 0x6b, 0x46, 0x72, 0x69, 0x65, 0x6e, 0x64, 0x73, 0x52, 0x65,
	0x71, 0x75, 0x65, 0x73, 0x74, 0x1a, 0x16, 0x2e, 0x67, 0x6f, 0x6f, 0x67, 0x6c, 0x65, 0x2e, 0x70,
	0x72, 0x6f, 0x74, 0x6f, 0x62, 0x75, 0x66, 0x2e, 0x45, 0x6d, 0x70, 0x74, 0x79, 0x22, 0x18, 0x82,
	0xd3, 0xe4, 0x93, 0x02, 0x12, 0x22, 0x10, 0x2f, 0x76, 0x32, 0x2f, 0x66, 0x72, 0x69, 0x65, 0x6e,
	0x64, 0x2f, 0x62, 0x6c, 0x6f, 0x63, 0x6b, 0x12, 0x56, 0x0a, 0x0b, 0x43, 0x72, 0x65, 0x61, 0x74,
	0x65, 0x47, 0x72, 0x6f, 0x75, 0x70, 0x12, 0x1e, 0x2e, 0x6e, 0x61, 0x6b, 0x61, 0x6d, 0x61, 0x2e,
	0x61, 0x70, 0x69, 0x2e, 0x43, 0x72, 0x65, 0x61, 0x74, 0x65, 0x47, 0x72, 0x6f, 0x75, 0x70, 0x52,
	0x65, 0x71, 0x75, 0x65, 0x73, 0x74, 0x1a, 0x11, 0x2e, 0x6e, 0x61, 0x6b, 0x61, 0x6d, 0x61, 0x2e,
	0x61, 0x70, 0x69, 0x2e, 0x47, 0x72, 0x6f, 0x75, 0x70, 0x22, 0x14, 0x82, 0xd3, 0xe4, 0x93, 0x02,
	0x0e, 0x3a, 0x01, 0x2a, 0x22, 0x09, 0x2f, 0x76, 0x32, 0x2f, 0x67, 0x72, 0x6f, 0x75, 0x70, 0x12,
	0x54, 0x0a, 0x0d, 0x44, 0x65, 0x6c, 0x65, 0x74, 0x65, 0x41, 0x63, 0x63, 0x6f, 0x75, 0x6e, 0x74,
	0x12, 0x16, 0x2e, 0x67, 0x6f, 0x6f, 0x67, 0x6c, 0x65, 0x2e, 0x70, 0x72, 0x6f, 0x74, 0x6f, 0x62,
	0x75, 0x66, 0x2e, 0x45, 0x6d, 0x70, 0x74, 0x79, 0x1a, 0x16, 0x2e, 0x67, 0x6f, 0x6f, 0x67, 0x6c,
	0x65, 0x2e, 0x70, 0x72, 0x6f, 0x74, 0x6f, 0x62, 0x75, 0x66, 0x2e, 0x45, 0x6d, 0x70, 0x74, 0x79,
	0x22, 0x13, 0x82, 0xd3, 0xe4, 0x93, 0x02, 0x0d, 0x2a, 0x0b, 0x2f, 0x76, 0x32, 0x2f, 0x61, 0x63,
	0x63, 0x6f, 0x75, 0x6e, 0x74, 0x12, 0x5d, 0x0a, 0x0d, 0x44, 0x65, 0x6c, 0x65, 0x74, 0x65, 0x46,
	0x72, 0x69, 0x65, 0x6e, 0x64, 0x73, 0x12, 0x20, 0x2e, 0x6e, 0x61, 0x6b, 0x61, 0x6d, 0x61, 0x2e,
	0x61, 0x70, 0x69, 0x2e, 0x44, 0x65, 0x6c, 0x65, 0x74, 0x65, 0x46, 0x72, 0x69, 0x65, 0x6e, 0x64,
	0x73, 0x52, 0x65, 0x71, 0x75, 0x65, 0x73, 0x74, 0x1a, 0x16, 0x2e, 0x67, 0x6f, 0x6f, 0x67, 0x6c,
	0x65, 0x2e, 0x70, 0x72, 0x6f, 0x74, 0x6f, 0x62, 0x75, 0x66, 0x2e, 0x45, 0x6d, 0x70, 0x74, 0x79,
	0x22, 0x12, 0x82, 0xd3, 0xe4, 0x93, 0x02, 0x0c, 0x2a, 0x0a, 0x2f, 0x76, 0x32, 0x2f, 0x66, 0x72,
	0x69, 0x65, 0x6e, 0x64, 0x12, 0x63, 0x0a, 0x0b, 0x44, 0x65, 0x6c, 0x65, 0x74, 0x65, 0x47, 0x72,
	0x6f, 0x75, 0x70, 0x12, 0x1e, 0x2e, 0x6e, 0x61, 0x6b, 0x61, 0x6d, 0x61, 0x2e, 0x61, 0x70, 0x69,
	0x2e, 0x44, 0x65, 0x6c, 0x65, 0x74, 0x65, 0x47, 0x72, 0x6f, 0x75, 0x70, 0x52, 0x65, 0x71, 0x75,
	0x65, 0x73, 0x74, 0x1a, 0x16, 0x2e, 0x67, 0x6f, 0x6f, 0x67, 0x6c, 0x65, 0x2e, 0x70, 0x72, 0x6f,
	0x74, 0x6f, 0x62, 0x75, 0x66, 0x2e, 0x45, 0x6d, 0x70, 0x74, 0x79, 0x22, 0x1c, 0x82, 0xd3, 0xe4,
	0x93, 0x02, 0x16, 0x2a, 0x14, 0x2f, 0x76, 0x32, 0x2f, 0x67, 0x72, 0x6f, 0x75, 0x70, 0x2f, 0x7b,
	0x67, 0x72, 0x6f, 0x75, 0x70, 0x5f, 0x69, 0x64, 0x7d, 0x12, 0x87, 0x01, 0x0a, 0x17, 0x44, 0x65,
	0x6c, 0x65, 0x74, 0x65, 0x4c, 0x65, 0x61, 0x64, 0x65, 0x72, 0x62, 0x6f, 0x61, 0x72, 0x64, 0x52,
	0x65, 0x63, 0x6f, 0x72, 0x64, 0x12, 0x2a, 0x2e, 0x6e, 0x61, 0x6b, 0x61, 0x6d, 0x61, 0x2e, 0x61,
	0x70, 0x69, 0x2e, 0x44, 0x65, 0x6c, 0x65, 0x74, 0x65, 0x4c, 0x65, 0x61, 0x64, 0x65, 0x72, 0x62,
	0x6f, 0x61, 0x72, 0x64, 0x52, 0x65, 0x63, 0x6f, 0x72, 0x64, 0x52, 0x65, 0x71, 0x75, 0x65, 0x73,
	0x74, 0x1a, 0x16, 0x2e, 0x67, 0x6f, 0x6f, 0x67, 0x6c, 0x65, 0x2e, 0x70, 0x72, 0x6f, 0x74, 0x6f,
	0x62, 0x75, 0x66, 0x2e, 0x45, 0x6d, 0x70, 0x74, 0x79, 0x22, 0x28, 0x82, 0xd3, 0xe4, 0x93, 0x02,
	0x22, 0x2a, 0x20, 0x2f, 0x76, 0x32, 0x2f, 0x6c, 0x65, 0x61, 0x64, 0x65, 0x72, 0x62, 0x6f, 0x61,
	0x72, 0x64, 0x2f, 0x7b, 0x6c, 0x65, 0x61, 0x64, 0x65, 0x72, 0x62, 0x6f, 0x61, 0x72, 0x64, 0x5f,
	0x69, 0x64, 0x7d, 0x12, 0x6f, 0x0a, 0x13, 0x44, 0x65, 0x6c, 0x65, 0x74, 0x65, 0x4e, 0x6f, 0x74,
	0x69, 0x66, 0x69, 0x63, 0x61, 0x74, 0x69, 0x6f, 0x6e, 0x73, 0x12, 0x26, 0x2e, 0x6e, 0x61, 0x6b,
	0x61, 0x6d, 0x61, 0x2e, 0x61, 0x70, 0x69, 0x2e, 0x44, 0x65, 0x6c, 0x65, 0x74, 0x65, 0x4e, 0x6f,
	0x74, 0x69, 0x66, 0x69, 0x63, 0x61, 0x74, 0x69, 0x6f, 0x6e, 0x73, 0x52, 0x65, 0x71, 0x75, 0x65,
	0x73, 0x74, 0x1a, 0x16, 0x2e, 0x67, 0x6f, 0x6f, 0x67, 0x6c, 0x65, 0x2e, 0x70, 0x72, 0x6f, 0x74,
	0x6f, 0x62, 0x75, 0x66, 0x2e, 0x45, 0x6d, 0x70, 0x74, 0x79, 0x22, 0x18, 0x82, 0xd3, 0xe4, 0x93,
	0x02, 0x12, 0x2a, 0x10, 0x2f, 0x76, 0x32, 0x2f, 0x6e, 0x6f, 0x74, 0x69, 0x66, 0x69, 0x63, 0x61,
	0x74, 0x69, 0x6f, 0x6e, 0x12, 0x83, 0x01, 0x0a, 0x16, 0x44, 0x65, 0x6c, 0x65, 0x74, 0x65, 0x54,
	0x6f, 0x75, 0x72, 0x6e, 0x61, 0x6d, 0x65, 0x6e, 0x74, 0x52, 0x65, 0x63, 0x6f, 0x72, 0x64, 0x12,
	0x29, 0x2e, 0x6e, 0x61, 0x6b, 0x61, 0x6d, 0x61, 0x2e, 0x61, 0x70, 0x69, 0x2e, 0x44, 0x65, 0x6c,
	0x65, 0x74, 0x65, 0x54, 0x6f, 0x75, 0x72, 0x6e, 0x61, 0x6d, 0x65, 0x6e, 0x74, 0x52, 0x65, 0x63,
	0x6f, 0x72, 0x64, 0x52, 0x65, 0x71, 0x75, 0x65, 0x73, 0x74, 0x1a, 0x16, 0x2e, 0x67, 0x6f, 0x6f,
	0x67, 0x6c, 0x65, 0x2e, 0x70, 0x72, 0x6f, 0x74, 0x6f, 0x62, 0x75, 0x66, 0x2e, 0x45, 0x6d, 0x70,
	0x74, 0x79, 0x22, 0x26, 0x82, 0xd3, 0xe4, 0x93, 0x02, 0x20, 0x2a, 0x1e, 0x2f, 0x76, 0x32, 0x2f,
	0x74, 0x6f, 0x75, 0x72, 0x6e, 0x61, 0x6d, 0x65, 0x6e, 0x74, 0x2f, 0x7b, 0x74, 0x6f, 0x75, 0x72,
	0x6e, 0x61, 0x6d, 0x65, 0x6e, 0x74, 0x5f, 0x69, 0x64, 0x7d, 0x12, 0x76, 0x0a, 0x14, 0x44, 0x65,
	0x6c, 0x65, 0x74, 0x65, 0x53, 0x74, 0x6f, 0x72, 0x61, 0x67, 0x65, 0x4f, 0x62, 0x6a, 0x65, 0x63,
	0x74, 0x73, 0x12, 0x27, 0x2e, 0x6e, 0x61, 0x6b, 0x61, 0x6d, 0x61, 0x2e, 0x61, 0x70, 0x69, 0x2e,
	0x44, 0x65, 0x6c, 0x65, 0x74, 0x65, 0x53, 0x74, 0x6f, 0x72, 0x61, 0x67, 0x65, 0x4f, 0x62, 0x6a,
	0x65, 0x63, 0x74, 0x73, 0x52, 0x65, 0x71, 0x75, 0x65, 0x73, 0x74, 0x1a, 0x16, 0x2e, 0x67, 0x6f,
	0x6f, 0x67, 0x6c, 0x65, 0x2e, 0x70, 0x72, 0x6f, 0x74, 0x6f, 0x62, 0x75, 0x66, 0x2e, 0x45, 0x6d,
	0x70, 0x74, 0x79, 0x22, 0x1d, 0x82, 0xd3, 0xe4, 0x93, 0x02, 0x17, 0x3a, 0x01, 0x2a, 0x1a, 0x12,
	0x2f, 0x76, 0x32, 0x2f, 0x73, 0x74, 0x6f, 0x72, 0x61, 0x67, 0x65, 0x2f, 0x64, 0x65, 0x6c, 0x65,
	0x74, 0x65, 0x12, 0x48, 0x0a, 0x05, 0x45, 0x76, 0x65, 0x6e, 0x74, 0x12, 0x11, 0x2e, 0x6e, 0x61,
	0x6b, 0x61, 0x6d, 0x61, 0x2e, 0x61, 0x70, 0x69, 0x2e, 0x45, 0x76, 0x65, 0x6e, 0x74, 0x1a, 0x16,
	0x2e, 0x67, 0x6f, 0x6f, 0x67, 0x6c, 0x65, 0x2e, 0x70, 0x72, 0x6f, 0x74, 0x6f, 0x62, 0x75, 0x66,
	0x2e, 0x45, 0x6d, 0x70, 0x74, 0x79, 0x22, 0x14, 0x82, 0xd3, 0xe4, 0x93, 0x02, 0x0e, 0x3a, 0x01,
	0x2a, 0x22, 0x09, 0x2f, 0x76, 0x32, 0x2f, 0x65, 0x76, 0x65, 0x6e, 0x74, 0x12, 0x4e, 0x0a, 0x0a,
	0x47, 0x65, 0x74, 0x41, 0x63, 0x63, 0x6f, 0x75, 0x6e, 0x74, 0x12, 0x16, 0x2e, 0x67, 0x6f, 0x6f,
	0x67, 0x6c, 0x65, 0x2e, 0x70, 0x72, 0x6f, 0x74, 0x6f, 0x62, 0x75, 0x66, 0x2e, 0x45, 0x6d, 0x70,
	0x74, 0x79, 0x1a, 0x13, 0x2e, 0x6e, 0x61, 0x6b, 0x61, 0x6d, 0x61, 0x2e, 0x61, 0x70, 0x69, 0x2e,
	0x41, 0x63, 0x63, 0x6f, 0x75, 0x6e, 0x74, 0x22, 0x13, 0x82, 0xd3, 0xe4, 0x93, 0x02, 0x0d, 0x12,
	0x0b, 0x2f, 0x76, 0x32, 0x2f, 0x61, 0x63, 0x63, 0x6f, 0x75, 0x6e, 0x74, 0x12, 0x4c, 0x0a, 0x08,
	0x47, 0x65, 0x74, 0x55, 0x73, 0x65, 0x72, 0x73, 0x12, 0x1b, 0x2e, 0x6e, 0x61, 0x6b, 0x61, 0x6d,
	0x61, 0x2e, 0x61, 0x70, 0x69, 0x2e, 0x47, 0x65, 0x74, 0x55, 0x73, 0x65, 0x72, 0x73, 0x52, 0x65,
	0x71, 0x75, 0x65, 0x73, 0x74, 0x1a, 0x11, 0x2e, 0x6e, 0x61, 0x6b, 0x61, 0x6d, 0x61, 0x2e, 0x61,
	0x70, 0x69, 0x2e, 0x55, 0x73, 0x65, 0x72, 0x73, 0x22, 0x10, 0x82, 0xd3, 0xe4, 0x93, 0x02, 0x0a,
	0x12, 0x08, 0x2f, 0x76, 0x32, 0x2f, 0x75, 0x73, 0x65, 0x72, 0x12, 0x83, 0x01, 0x0a, 0x0f, 0x47,
	0x65, 0x74, 0x53, 0x75, 0x62, 0x73, 0x63, 0x72, 0x69, 0x70, 0x74, 0x69, 0x6f, 0x6e, 0x12, 0x22,
	0x2e, 0x6e, 0x61, 0x6b, 0x61, 0x6d, 0x61, 0x2e, 0x61, 0x70, 0x69, 0x2e, 0x47, 0x65, 0x74, 0x53,
	0x75, 0x62, 0x73, 0x63, 0x72, 0x69, 0x70, 0x74, 0x69, 0x6f, 0x6e, 0x52, 0x65, 0x71, 0x75, 0x65,
	0x73, 0x74, 0x1a, 0x21, 0x2e, 0x6e, 0x61, 0x6b, 0x61, 0x6d, 0x61, 0x2e, 0x61, 0x70, 0x69, 0x2e,
	0x56, 0x61, 0x6c, 0x69, 0x64, 0x61, 0x74, 0x65, 0x64, 0x53, 0x75, 0x62, 0x73, 0x63, 0x72, 0x69,
	0x70, 0x74, 0x69, 0x6f, 0x6e, 0x22, 0x29, 0x82, 0xd3, 0xe4, 0x93, 0x02, 0x23, 0x12, 0x21, 0x2f,
	0x76, 0x32, 0x2f, 0x69, 0x61, 0x70, 0x2f, 0x73, 0x75, 0x62, 0x73, 0x63, 0x72, 0x69, 0x70, 0x74,
	0x69, 0x6f, 0x6e, 0x2f, 0x7b, 0x70, 0x72, 0x6f, 0x64, 0x75, 0x63, 0x74, 0x5f, 0x69, 0x64, 0x7d,
	0x12, 0x67, 0x0a, 0x12, 0x47, 0x65, 0x74, 0x4d, 0x61, 0x74, 0x63, 0x68, 0x6d, 0x61, 0x6b, 0x65,
	0x72, 0x53, 0x74, 0x61, 0x74, 0x73, 0x12, 0x16, 0x2e, 0x67, 0x6f, 0x6f, 0x67, 0x6c, 0x65, 0x2e,
	0x70, 0x72, 0x6f, 0x74, 0x6f, 0x62, 0x75, 0x66, 0x2e, 0x45, 0x6d, 0x70, 0x74, 0x79, 0x1a, 0x1b,
	0x2e, 0x6e, 0x61, 0x6b, 0x61, 0x6d, 0x61, 0x2e, 0x61, 0x70, 0x69, 0x2e, 0x4d, 0x61, 0x74, 0x63,
	0x68, 0x6d, 0x61, 0x6b, 0x65, 0x72, 0x53, 0x74, 0x61, 0x74, 0x73, 0x22, 0x1c, 0x82, 0xd3, 0xe4,
	0x93, 0x02, 0x16, 0x12, 0x14, 0x2f, 0x76, 0x32, 0x2f, 0x6d, 0x61, 0x74, 0x63, 0x68, 0x6d, 0x61,
	0x6b, 0x65, 0x72, 0x2f, 0x73, 0x74, 0x61, 0x74, 0x73, 0x12, 0x53, 0x0a, 0x0b, 0x48, 0x65, 0x61,
	0x6c, 0x74, 0x68, 0x63, 0x68, 0x65, 0x63, 0x6b, 0x12, 0x16, 0x2e, 0x67, 0x6f, 0x6f, 0x67, 0x6c,
	0x65, 0x2e, 0x70, 0x72, 0x6f, 0x74, 0x6f, 0x62, 0x75, 0x66, 0x2e, 0x45, 0x6d, 0x70, 0x74, 0x79,
	0x1a, 0x16, 0x2e, 0x67, 0x6f, 0x6f, 0x67, 0x6c, 0x65, 0x2e, 0x70, 0x72, 0x6f, 0x74, 0x6f, 0x62,
	0x75, 0x66, 0x2e, 0x45, 0x6d, 0x70, 0x74, 0x79, 0x22, 0x14, 0x82, 0xd3, 0xe4, 0x93, 0x02, 0x0e,
	0x12, 0x0c, 0x2f, 0x68, 0x65, 0x61, 0x6c, 0x74, 0x68, 0x63, 0x68, 0x65, 0x63, 0x6b, 0x12, 0x7f,
	0x0a, 0x15, 0x49, 0x6d, 0x70, 0x6f, 0x72, 0x74, 0x46, 0x61, 0x63, 0x65, 0x62, 0x6f, 0x6f, 0x6b,
	0x46, 0x72, 0x69, 0x65, 0x6e, 0x64, 0x73, 0x12, 0x28, 0x2e, 0x6e, 0x61, 0x6b, 0x61, 0x6d, 0x61,
	0x2e, 0x61, 0x70, 0x69, 0x2e, 0x49, 0x6d, 0x70, 0x6f, 0x72, 0x74, 0x46, 0x61, 0x63, 0x65, 0x62,
	0x6f, 0x6f, 0x6b, 0x46, 0x72, 0x69, 0x65, 0x6e, 0x64, 0x73, 0x52, 0x65, 0x71, 0x75, 0x65, 0x73,
	0x74, 0x1a, 0x16, 0x2e, 0x67, 0x6f, 0x6f, 0x67, 0x6c, 0x65, 0x2e, 0x70, 0x72, 0x6f, 0x74, 0x6f,
	0x62, 0x75, 0x66, 0x2e, 0x45, 0x6d, 0x70, 0x74, 0x79, 0x22, 0x24, 0x82, 0xd3, 0xe4, 0x93, 0x02,
	0x1e, 0x3a, 0x07, 0x61, 0x63, 0x63, 0x6f, 0x75, 0x6e, 0x74, 0x22, 0x13, 0x2f, 0x76, 0x32, 0x2f,
	0x66, 0x72, 0x69, 0x65, 0x6e, 0x64, 0x2f, 0x66, 0x61, 0x63, 0x65, 0x62, 0x6f, 0x6f, 0x6b, 0x12,
	0x76, 0x0a, 0x12, 0x49, 0x6d, 0x70, 0x6f, 0x72, 0x74, 0x53, 0x74, 0x65, 0x61, 0x6d, 0x46, 0x72,
	0x69, 0x65, 0x6e, 0x64, 0x73, 0x12, 0x25, 0x2e, 0x6e, 0x61, 0x6b, 0x61, 0x6d, 0x61, 0x2e, 0x61,
	0x70, 0x69, 0x2e, 0x49, 0x6d, 0x70, 0x6f, 0x72, 0x74, 0x53, 0x74, 0x65, 0x61, 0x6d, 0x46, 0x72,
	0x69, 0x65, 0x6e, 0x64, 0x73, 0x52, 0x65, 0x71, 0x75, 0x65, 0x73, 0x74, 0x1a, 0x16, 0x2e, 0x67,
	0x6f, 0x6f, 0x67, 0x6c, 0x65, 0x2e, 0x70, 0x72, 0x6f, 0x74, 0x6f, 0x62, 0x75, 0x66, 0x2e, 0x45,
	0x6d, 0x70, 0x74, 0x79, 0x22, 0x21, 0x82, 0xd3, 0xe4, 0x93, 0x02, 0x1b, 0x3a, 0x07, 0x61, 0x63,
	0x63, 0x6f, 0x75, 0x6e, 0x74, 0x22, 0x10, 0x2f, 0x76, 0x32, 0x2f, 0x66, 0x72, 0x69, 0x65, 0x6e,
	0x64, 0x2f, 0x73, 0x74, 0x65, 0x61, 0x6d, 0x12, 0x64, 0x0a, 0x09, 0x4a, 0x6f, 0x69, 0x6e, 0x47,
	0x72, 0x6f, 0x75, 0x70, 0x12, 0x1c, 0x2e, 0x6e, 0x61, 0x6b, 0x61, 0x6d, 0x61, 0x2e, 0x61, 0x70,
	0x69, 0x2e, 0x4a, 0x6f, 0x69, 0x6e, 0x47, 0x72, 0x6f, 0x75, 0x70, 0x52, 0x65, 0x71, 0x75, 0x65,
	0x73, 0x74, 0x1a, 0x16, 0x2e, 0x67, 0x6f, 0x6f, 0x67, 0x6c, 0x65, 0x2e, 0x70, 0x72, 0x6f, 0x74,
	0x6f, 0x62, 0x75, 0x66, 0x2e, 0x45, 0x6d, 0x70, 0x74, 0x79, 0x22, 0x21, 0x82, 0xd3, 0xe4, 0x93,
	0x02, 0x1b, 0x22, 0x19, 0x2f, 0x76, 0x32, 0x2f, 0x67, 0x72, 0x6f, 0x75, 0x70, 0x2f, 0x7b, 0x67,
	0x72, 0x6f, 0x75, 0x70, 0x5f, 0x69, 0x64, 0x7d, 0x2f, 0x6a, 0x6f, 0x69, 0x6e, 0x12, 0x78, 0x0a,
	0x0e, 0x4a, 0x6f, 0x69, 0x6e, 0x54, 0x6f, 0x75, 0x72, 0x6e, 0x61, 0x6d, 0x65, 0x6e, 0x74, 0x12,
	0x21, 0x2e, 0x6e, 0x61, 0x6b, 0x61, 0x6d, 0x61, 0x2e, 0x61, 0x70, 0x69, 0x2e, 0x4a, 0x6f, 0x69,
	0x6e, 0x54, 0x6f, 0x75, 0x72, 0x6e, 0x61, 0x6d, 0x65, 0x6e, 0x74, 0x52, 0x65, 0x71, 0x75, 0x65,
	0x73, 0x74, 0x1a, 0x16, 0x2e, 0x67, 0x6f, 0x6f, 0x67, 0x6c, 0x65, 0x2e, 0x70, 0x72, 0x6f, 0x74,
	0x6f, 0x62, 0x75, 0x66, 0x2e, 0x45, 0x6d, 0x70, 0x74, 0x79, 0x22, 0x2b, 0x82, 0xd3, 0xe4, 0x93,
	0x02, 0x25, 0x22, 0x23, 0x2f, 0x76, 0x32, 0x2f, 0x74, 0x6f, 0x75, 0x72, 0x6e, 0x61, 0x6d, 0x65,
	0x6e, 0x74, 0x2f, 0x7b, 0x74, 0x6f, 0x75, 0x72, 0x6e, 0x61, 0x6d, 0x65, 0x6e, 0x74, 0x5f, 0x69,
	0x64, 0x7d, 0x2f, 0x6a, 0x6f, 0x69, 0x6e, 0x12, 0x6e, 0x0a, 0x0e, 0x4b, 0x69, 0x63, 0x6b, 0x47,
	0x72, 0x6f, 0x75, 0x70, 0x55, 0x73, 0x65, 0x72, 0x73, 0x12, 0x21, 0x2e, 0x6e, 0x61, 0x6b, 0x61,
	0x6d, 0x61, 0x2e, 0x61, 0x70, 0x69, 0x2e, 0x4b, 0x69, 0x63, 0x6b, 0x47, 0x72, 0x6f, 0x75, 0x70,
	0x55, 0x73, 0x65, 0x72, 0x73, 0x52, 0x65, 0x71, 0x75, 0x65, 0x73, 0x74, 0x1a, 0x16, 0x2e, 0x67,
	0x6f, 0x6f, 0x67, 0x6c, 0x65, 0x2e, 0x70, 0x72, 0x6f, 0x74, 0x6f, 0x62, 0x75, 0x66, 0x2e, 0x45,
	0x6d, 0x70, 0x74, 0x79, 0x22, 0x21, 0x82, 0xd3, 0xe4, 0x93, 0x02, 0x1b, 0x22, 0x19, 0x2f, 0x76,
	0x32, 0x2f, 0x67, 0x72, 0x6f, 0x75, 0x70, 0x2f, 0x7b, 0x67, 0x72, 0x6f, 0x75, 0x70, 0x5f, 0x69,
	0x64, 0x7d, 0x2f, 0x6b, 0x69, 0x63, 0x6b, 0x12, 0x67, 0x0a, 0x0a, 0x4c, 0x65, 0x61, 0x76, 0x65,
	0x47, 0x72, 0x6f, 0x75, 0x70, 0x12, 0x1d, 0x2e, 0x6e, 0x61, 0x6b, 0x61, 0x6d, 0x61, 0x2e, 0x61,
	0x70, 0x69, 0x2e, 0x4c, 0x65, 0x61, 0x76, 0x65, 0x47, 0x72, 0x6f, 0x75, 0x70, 0x52, 0x65, 0x71,
	0x75, 0x65, 0x73, 0x74, 0x1a, 0x16, 0x2e, 0x67, 0x6f, 0x6f, 0x67, 0x6c, 0x65, 0x2e, 0x70, 0x72,
	0x6f, 0x74, 0x6f, 0x62, 0x75, 0x66, 0x2e, 0x45, 0x6d, 0x70, 0x74, 0x79, 0x22, 0x22, 0x82, 0xd3,
	0xe4, 0x93, 0x02, 0x1c, 0x22, 0x1a, 0x2f, 0x76, 0x32, 0x2f, 0x67, 0x72, 0x6f, 0x75, 0x70, 0x2f,
	0x7b, 0x67, 0x72, 0x6f, 0x75, 0x70, 0x5f, 0x69, 0x64, 0x7d, 0x2f, 0x6c, 0x65, 0x61, 0x76, 0x65,
	0x12, 0x60, 0x0a, 0x09, 0x4c, 0x69, 0x6e, 0x6b, 0x41, 0x70, 0x70, 0x6c, 0x65, 0x12, 0x18, 0x2e,
	0x6e, 0x61, 0x6b, 0x61, 0x6d, 0x61, 0x2e, 0x61, 0x70, 0x69, 0x2e, 0x41, 0x63, 0x63, 0x6f, 0x75,
	0x6e, 0x74, 0x41, 0x70, 0x70, 0x6c, 0x65, 0x1a, 0x16, 0x2e, 0x67, 0x6f, 0x6f, 0x67, 0x6c, 0x65,
	0x2e, 0x70, 0x72, 0x6f, 0x74, 0x6f, 0x62, 0x75, 0x66, 0x2e, 0x45, 0x6d, 0x70, 0x74, 0x79, 0x22,
	0x21, 0x82, 0xd3, 0xe4, 0x93, 0x02, 0x1b, 0x3a, 0x01, 0x2a, 0x22, 0x16, 0x2f, 0x76, 0x32, 0x2f,
	0x61, 0x63, 0x63, 0x6f, 0x75, 0x6e, 0x74, 0x2f, 0x6c, 0x69, 0x6e, 0x6b, 0x2f, 0x61, 0x70, 0x70,
	0x6c, 0x65, 0x12, 0x63, 0x0a, 0x0a, 0x4c, 0x69, 0x6e, 0x6b, 0x43, 0x75, 0x73, 0x74, 0x6f, 0x6d,
	0x12, 0x19, 0x2e, 0x6e, 0x61, 0x6b, 0x61, 0x6d, 0x61, 0x2e, 0x61, 0x70, 0x69, 0x2e, 0x41, 0x63,
	0x63, 0x6f, 0x75, 0x6e, 0x74, 0x43, 0x75, 0x73, 0x74, 0x6f, 0x6d, 0x1a, 0x16, 0x2e, 0x67, 0x6f,
	0x6f, 0x67, 0x6c, 0x65, 0x2e, 0x70, 0x72, 0x6f, 0x74, 0x6f, 0x62, 0x75, 0x66, 0x2e, 0x45, 0x6d,
	0x70, 0x74, 0x79, 0x22, 0x22, 0x82, 0xd3, 0xe4, 0x93, 0x02, 0x1c, 0x3a, 0x01, 0x2a, 0x22, 0x17,
	0x2f, 0x76, 0x32, 0x2f, 0x61, 0x63, 0x63, 0x6f, 0x75, 0x6e, 0x74, 0x2f, 0x6c, 0x69, 0x6e, 0x6b,
	0x2f, 0x63, 0x75, 0x73, 0x74, 0x6f, 0x6d, 0x12, 0x63, 0x0a, 0x0a, 0x4c, 0x69, 0x6e, 0x6b, 0x44,
	0x65, 0x76, 0x69, 0x63, 0x65, 0x12, 0x19, 0x2e, 0x6e, 0x61, 0x6b, 0x61, 0x6d, 0x61, 0x2e, 0x61,
	0x70, 0x69, 0x2e, 0x41, 0x63, 0x63, 0x6f, 0x75, 0x6e, 0x74, 0x44, 0x65, 0x76, 0x69, 0x63, 0x65,
	0x1a, 0x16, 0x2e, 0x67, 0x6f, 0x6f, 0x67, 0x6c, 0x65, 0x2e, 0x70, 0x72, 0x6f, 0x74, 0x6f, 0x62,
	0x75, 0x66, 0x2e, 0x45, 0x6d, 0x70, 0x74, 0x79, 0x22, 0x22, 0x82, 0xd3, 0xe4, 0x93, 0x02, 0x1c,
	0x3a, 0x01, 0x2a, 0x22, 0x17, 0x2f, 0x76, 0x32, 0x2f, 0x61, 0x63, 0x63, 0x6f, 0x75, 0x6e, 0x74,
	0x2f, 0x6c, 0x69, 0x6e, 0x6b, 0x2f, 0x64, 0x65, 0x76, 0x69, 0x63, 0x65, 0x12, 0x60, 0x0a, 0x09,
	0x4c, 0x69, 0x6e, 0x6b, 0x45, 0x6d, 0x61, 0x69, 0x6c, 0x12, 0x18, 0x2e, 0x6e, 0x61, 0x6b, 0x61,
	0x6d, 0x61, 0x2e, 0x61, 0x70, 0x69, 0x2e, 0x41, 0x63, 0x63, 0x6f, 0x75, 0x6e, 0x74, 0x45, 0x6d,
	0x61, 0x69, 0x6c, 0x1a, 0x16, 0x2e, 0x67, 0x6f, 0x6f, 0x67, 0x6c, 0x65, 0x2e, 0x70, 0x72, 0x6f,
	0x74, 0x6f, 0x62, 0x75, 0x66, 0x2e, 0x45, 0x6d, 0x70, 0x74, 0x79, 0x22, 0x21, 0x82, 0xd3, 0xe4,
	0x93, 0x02, 0x1b, 0x3a, 0x01, 0x2a, 0x22, 0x16, 0x2f, 0x76, 0x32, 0x2f, 0x61, 0x63, 0x63, 0x6f,
	0x75, 0x6e, 0x74, 0x2f, 0x6c, 0x69, 0x6e, 0x6b, 0x2f, 0x65, 0x6d, 0x61, 0x69, 0x6c, 0x12, 0x73,
	0x0a, 0x0c, 0x4c, 0x69, 0x6e, 0x6b, 0x46, 0x61, 0x63, 0x65, 0x62, 0x6f, 0x6f, 0x6b, 0x12, 0x1f,
	0x2e, 0x6e, 0x61, 0x6b, 0x61, 0x6d, 0x61, 0x2e, 0x61, 0x70, 0x69, 0x2e, 0x4c, 0x69, 0x6e, 0x6b,
	0x46, 0x61, 0x63, 0x65, 0x62, 0x6f, 0x6f, 0x6b, 0x52, 0x65, 0x71, 0x75, 0x65, 0x73, 0x74, 0x1a,
	0x16, 0x2e, 0x67, 0x6f, 0x6f, 0x67, 0x6c, 0x65, 0x2e, 0x70, 0x72, 0x6f, 0x74, 0x6f, 0x62, 0x75,
	0x66, 0x2e, 0x45, 0x6d, 0x70, 0x74, 0x79, 0x22, 0x2a, 0x82, 0xd3, 0xe4, 0x93, 0x02, 0x24, 0x3a,
	0x07, 0x61, 0x63, 0x63, 0x6f, 0x75, 0x6e, 0x74, 0x22, 0x19, 0x2f, 0x76, 0x32, 0x2f, 0x61, 0x63,
	0x63, 0x6f, 0x75, 0x6e, 0x74, 0x2f, 0x6c, 0x69, 0x6e, 0x6b, 0x2f, 0x66, 0x61, 0x63, 0x65, 0x62,
	0x6f, 0x6f, 0x6b, 0x12, 0x8a, 0x01, 0x0a, 0x17, 0x4c, 0x69, 0x6e, 0x6b, 0x46, 0x61, 0x63, 0x65,
	0x62, 0x6f, 0x6f, 0x6b, 0x49, 0x6e, 0x73, 0x74, 0x61, 0x6e, 0x74, 0x47, 0x61, 0x6d, 0x65, 0x12,
	0x26, 0x2e, 0x6e, 0x61, 0x6b, 0x61, 0x6d, 0x61, 0x2e, 0x61, 0x70, 0x69, 0x2e, 0x41, 0x63, 0x63,
	0x6f, 0x75, 0x6e, 0x74, 0x46, 0x61, 0x63, 0x65, 0x62, 0x6f, 0x6f, 0x6b, 0x49, 0x6e, 0x73, 0x74,
	0x61, 0x6e, 0x74, 0x47, 0x61, 0x6d, 0x65, 0x1a, 0x16, 0x2e, 0x67, 0x6f, 0x6f, 0x67, 0x6c, 0x65,
	0x2e, 0x70, 0x72, 0x6f, 0x74, 0x6f, 0x62, 0x75, 0x66, 0x2e, 0x45, 0x6d, 0x70, 0x74, 0x79, 0x22,
	0x2f, 0x82, 0xd3, 0xe4, 0x93, 0x02, 0x29, 0x3a, 0x01, 0x2a, 0x22, 0x24, 0x2f, 0x76, 0x32, 0x2f,
	0x61, 0x63, 0x63, 0x6f, 0x75, 0x6e, 0x74, 0x2f, 0x6c, 0x69, 0x6e, 0x6b, 0x2f, 0x66, 0x61, 0x63,
	0x65, 0x62, 0x6f, 0x6f, 0x6b, 0x69, 0x6e, 0x73, 0x74, 0x61, 0x6e, 0x74, 0x67, 0x61, 0x6d, 0x65,
	0x12, 0x6f, 0x0a, 0x0e, 0x4c, 0x69, 0x6e, 0x6b, 0x47, 0x61, 0x6d, 0x65, 0x43, 0x65, 0x6e, 0x74,
	0x65, 0x72, 0x12, 0x1d, 0x2e, 0x6e, 0x61, 0x6b, 0x61, 0x6d, 0x61, 0x2e, 0x61, 0x70, 0x69, 0x2e,
	0x41, 0x63, 0x63, 0x6f, 0x75, 0x6e, 0x74, 0x47, 0x61, 0x6d, 0x65, 0x43, 0x65, 0x6e, 0x74, 0x65,
	0x72, 0x1a, 0x16, 0x2e, 0x67, 0x6f, 0x6f, 0x67, 0x6c, 0x65, 0x2e, 0x70, 0x72, 0x6f, 0x74, 0x6f,
	0x62, 0x75, 0x66, 0x2e, 0x45, 0x6d, 0x70, 0x74, 0x79, 0x22, 0x26, 0x82, 0xd3, 0xe4, 0x93, 0x02,
	0x20, 0x3a, 0x01, 0x2a, 0x22, 0x1b, 0x2f, 0x76, 0x32, 0x2f, 0x61, 0x63, 0x63, 0x6f, 0x75, 0x6e,
	0x74, 0x2f, 0x6c, 0x69, 0x6e, 0x6b, 0x2f, 0x67, 0x61, 0x6d, 0x65, 0x63, 0x65, 0x6e, 0x74, 0x65,
	0x72, 0x12, 0x63, 0x0a, 0x0a, 0x4c, 0x69, 0x6e, 0x6b, 0x47, 0x6f, 0x6f, 0x67, 0x6c, 0x65, 0x12,
	0x19, 0x2e, 0x6e, 0x61, 0x6b, 0x61, 0x6d, 0x61, 0x2e, 0x61, 0x70, 0x69, 0x2e, 0x41, 0x63, 0x63,
	0x6f, 0x75, 0x6e, 0x74, 0x47, 0x6f, 0x6f, 0x67, 0x6c, 0x65, 0x1a, 0x16, 0x2e, 0x67, 0x6f, 0x6f,
	0x67, 0x6c, 0x65, 0x2e, 0x70, 0x72, 0x6f, 0x74, 0x6f, 0x62, 0x75, 0x66, 0x2e, 0x45, 0x6d, 0x70,
	0x74, 0x79, 0x22, 0x22, 0x82, 0xd3, 0xe4, 0x93, 0x02, 0x1c, 0x3a, 0x01, 0x2a, 0x22, 0x17, 0x2f,
	0x76, 0x32, 0x2f, 0x61, 0x63, 0x63, 0x6f, 0x75, 0x6e, 0x74, 0x2f, 0x6c, 0x69, 0x6e, 0x6b, 0x2f,
	0x67, 0x6f, 0x6f, 0x67, 0x6c, 0x65, 0x12, 0x64, 0x0a, 0x09, 0x4c, 0x69, 0x6e, 0x6b, 0x53, 0x74,
	0x65, 0x61, 0x6d, 0x12, 0x1c, 0x2e, 0x6e, 0x61, 0x6b, 0x61, 0x6d, 0x61, 0x2e, 0x61, 0x70, 0x69,
	0x2e, 0x4c, 0x69, 0x6e, 0x6b, 0x53, 0x74, 0x65, 0x61, 0x6d, 0x52, 0x65, 0x71, 0x75, 0x65, 0x73,
	0x74, 0x1a, 0x16, 0x2e, 0x67, 0x6f, 0x6f, 0x67, 0x6c, 0x65, 0x2e, 0x70, 0x72, 0x6f, 0x74, 0x6f,
	0x62, 0x75, 0x66, 0x2e, 0x45, 0x6d, 0x70, 0x74, 0x79, 0x22, 0x21, 0x82, 0xd3, 0xe4, 0x93, 0x02,
	0x1b, 0x3a, 0x01, 0x2a, 0x22, 0x16, 0x2f, 0x76, 0x32, 0x2f, 0x61, 0x63, 0x63, 0x6f, 0x75, 0x6e,
	0x74, 0x2f, 0x6c, 0x69, 0x6e, 0x6b, 0x2f, 0x73, 0x74, 0x65, 0x61, 0x6d, 0x12, 0x7f, 0x0a, 0x13,
	0x4c, 0x69, 0x73, 0x74, 0x43, 0x68, 0x61, 0x6e, 0x6e, 0x65, 0x6c, 0x4d, 0x65, 0x73, 0x73, 0x61,
	0x67, 0x65, 0x73, 0x12, 0x26, 0x2e, 0x6e, 0x61, 0x6b, 0x61, 0x6d, 0x61, 0x2e, 0x61, 0x70, 0x69,
	0x2e, 0x4c, 0x69, 0x73, 0x74, 0x43, 0x68, 0x61, 0x6e, 0x6e, 0x65, 0x6c, 0x4d, 0x65, 0x73, 0x73,
	0x61, 0x67, 0x65, 0x73, 0x52, 0x65, 0x71, 0x75, 0x65, 0x73, 0x74, 0x1a, 0x1e, 0x2e, 0x6e, 0x61,
	0x6b, 0x61, 0x6d, 0x61, 0x2e, 0x61, 0x70, 0x69, 0x2e, 0x43, 0x68, 0x61, 0x6e, 0x6e, 0x65, 0x6c,
	0x4d, 0x65, 0x73, 0x73, 0x61, 0x67, 0x65, 0x4c, 0x69, 0x73, 0x74, 0x22, 0x20, 0x82, 0xd3, 0xe4,
	0x93, 0x02, 0x1a, 0x12, 0x18, 0x2f, 0x76, 0x32, 0x2f, 0x63, 0x68, 0x61, 0x6e, 0x6e, 0x65, 0x6c,
	0x2f, 0x7b, 0x63, 0x68, 0x61, 0x6e, 0x6e, 0x65, 0x6c, 0x5f, 0x69, 0x64, 0x7d, 0x12, 0x59, 0x0a,
	0x0b, 0x4c, 0x69, 0x73, 0x74, 0x46, 0x72, 0x69, 0x65, 0x6e, 0x64, 0x73, 0x12, 0x1e, 0x2e, 0x6e,
	0x61, 0x6b, 0x61, 0x6d, 0x61, 0x2e, 0x61, 0x70, 0x69, 0x2e, 0x4c, 0x69, 0x73, 0x74, 0x46, 0x72,
	0x69, 0x65, 0x6e, 0x64, 0x73, 0x52, 0x65, 0x71, 0x75, 0x65, 0x73, 0x74, 0x1a, 0x16, 0x2e, 0x6e,
	0x61, 0x6b, 0x61, 0x6d, 0x61, 0x2e, 0x61, 0x70, 0x69, 0x2e, 0x46, 0x72, 0x69, 0x65, 0x6e, 0x64,
	0x4c, 0x69, 0x73, 0x74, 0x22, 0x12, 0x82, 0xd3, 0xe4, 0x93, 0x02, 0x0c, 0x12, 0x0a, 0x2f, 0x76,
	0x32, 0x2f, 0x66, 0x72, 0x69, 0x65, 0x6e, 0x64, 0x12, 0x7d, 0x0a, 0x14, 0x4c, 0x69, 0x73, 0x74,
	0x46, 0x72, 0x69, 0x65, 0x6e, 0x64, 0x73, 0x4f, 0x66, 0x46, 0x72, 0x69, 0x65, 0x6e, 0x64, 0x73,
	0x12, 0x27, 0x2e, 0x6e, 0x61, 0x6b, 0x61, 0x6d, 0x61, 0x2e, 0x61, 0x70, 0x69, 0x2e, 0x4c, 0x69,
	0x73, 0x74, 0x46, 0x72, 0x69, 0x65, 0x6e, 0x64, 0x73, 0x4f, 0x66, 0x46, 0x72, 0x69, 0x65, 0x6e,
	0x64, 0x73, 0x52, 0x65, 0x71, 0x75, 0x65, 0x73, 0x74, 0x1a, 0x20, 0x2e, 0x6e, 0x61, 0x6b, 0x61,
	0x6d, 0x61, 0x2e, 0x61, 0x70, 0x69, 0x2e, 0x46, 0x72, 0x69, 0x65, 0x6e, 0x64, 0x73, 0x4f, 0x66,
	0x46, 0x72, 0x69, 0x65, 0x6e, 0x64, 0x73, 0x4c, 0x69, 0x73, 0x74, 0x22, 0x1a, 0x82, 0xd3, 0xe4,
	0x93, 0x02, 0x14, 0x12, 0x12, 0x2f, 0x76, 0x32, 0x2f, 0x66, 0x72, 0x69, 0x65, 0x6e, 0x64, 0x2f,
	0x66, 0x72, 0x69, 0x65, 0x6e, 0x64, 0x73, 0x12, 0x55, 0x0a, 0x0a, 0x4c, 0x69, 0x73, 0x74, 0x47,
	0x72, 0x6f, 0x75, 0x70, 0x73, 0x12, 0x1d, 0x2e, 0x6e, 0x61, 0x6b, 0x61, 0x6d, 0x61, 0x2e, 0x61,
	0x70, 0x69, 0x2e, 0x4c, 0x69, 0x73, 0x74, 0x47, 0x72, 0x6f, 0x75, 0x70, 0x73, 0x52, 0x65, 0x71,
	0x75, 0x65, 0x73, 0x74, 0x1a, 0x15, 0x2e, 0x6e, 0x61, 0x6b, 0x61, 0x6d, 0x61, 0x2e, 0x61, 0x70,
	0x69, 0x2e, 0x47, 0x72, 0x6f, 0x75, 0x70, 0x4c, 0x69, 0x73, 0x74, 0x22, 0x11, 0x82, 0xd3, 0xe4,
	0x93, 0x02, 0x0b, 0x12, 0x09, 0x2f, 0x76, 0x32, 0x2f, 0x67, 0x72, 0x6f, 0x75, 0x70, 0x12, 0x71,
	0x0a, 0x0e, 0x4c, 0x69, 0x73, 0x74, 0x47, 0x72, 0x6f, 0x75, 0x70, 0x55, 0x73, 0x65, 0x72, 0x73,
	0x12, 0x21, 0x2e, 0x6e, 0x61, 0x6b, 0x61, 0x6d, 0x61, 0x2e, 0x61, 0x70, 0x69, 0x2e, 0x4c, 0x69,
	0x73, 0x74, 0x47, 0x72, 0x6f, 0x75, 0x70, 0x55, 0x73, 0x65, 0x72, 0x73, 0x52, 0x65, 0x71, 0x75,
	0x65, 0x73, 0x74, 0x1a, 0x19, 0x2e, 0x6e, 0x61, 0x6b, 0x61, 0x6d, 0x61, 0x2e, 0x61, 0x70, 0x69,
	0x2e, 0x47, 0x72, 0x6f, 0x75, 0x70, 0x55, 0x73, 0x65, 0x72, 0x4c, 0x69, 0x73, 0x74, 0x22, 0x21,
	0x82, 0xd3, 0xe4, 0x93, 0x02, 0x1b, 0x12, 0x19, 0x2f, 0x76, 0x32, 0x2f, 0x67, 0x72, 0x6f, 0x75,
	0x70, 0x2f, 0x7b, 0x67, 0x72, 0x6f, 0x75, 0x70, 0x5f, 0x69, 0x64, 0x7d, 0x2f, 0x75, 0x73, 0x65,
	0x72, 0x12, 0x90, 0x01, 0x0a, 0x16, 0x4c, 0x69, 0x73, 0x74, 0x4c, 0x65, 0x61, 0x64, 0x65, 0x72,
	0x62, 0x6f, 0x61, 0x72, 0x64, 0x52, 0x65, 0x63, 0x6f, 0x72, 0x64, 0x73, 0x12, 0x29, 0x2e, 0x6e,
	0x61, 0x6b, 0x61, 0x6d, 0x61, 0x2e, 0x61, 0x70, 0x69, 0x2e, 0x4c, 0x69, 0x73, 0x74, 0x4c, 0x65,
	0x61, 0x64, 0x65, 0x72, 0x62, 0x6f, 0x61, 0x72, 0x64, 0x52, 0x65, 0x63, 0x6f, 0x72, 0x64, 0x73,
	0x52, 0x65, 0x71, 0x75, 0x65, 0x73, 0x74, 0x1a, 0x21, 0x2e, 0x6e, 0x61, 0x6b, 0x61, 0x6d, 0x61,
	0x2e, 0x61, 0x70, 0x69, 0x2e, 0x4c, 0x65, 0x61, 0x64, 0x65, 0x72, 0x62, 0x6f, 0x61, 0x72, 0x64,
	0x52, 0x65, 0x63, 0x6f, 0x72, 0x64, 0x4c, 0x69, 0x73, 0x74, 0x22, 0x28, 0x82, 0xd3, 0xe4, 0x93,
	0x02, 0x22, 0x12, 0x20, 0x2f, 0x76, 0x32, 0x2f, 0x6c, 0x65, 0x61, 0x64, 0x65, 0x72, 0x62, 0x6f,
	0x61, 0x72, 0x64, 0x2f, 0x7b, 0x6c, 0x65, 0x61, 0x64, 0x65, 0x72, 0x62, 0x6f, 0x61, 0x72, 0x64,
	0x5f, 0x69, 0x64, 0x7d, 0x12, 0xb7, 0x01, 0x0a, 0x21, 0x4c, 0x69, 0x73, 0x74, 0x4c, 0x65, 0x61,
	0x64, 0x65, 0x72, 0x62, 0x6f, 0x61, 0x72, 0x64, 0x52, 0x65, 0x63, 0x6f, 0x72, 0x64, 0x73, 0x41,
	0x72, 0x6f, 0x75, 0x6e, 0x64, 0x4f, 0x77, 0x6e, 0x65, 0x72, 0x12, 0x34, 0x2e, 0x6e, 0x61, 0x6b,
	0x61, 0x6d, 0x61, 0x2e, 0x61, 0x70, 0x69, 0x2e, 0x4c, 0x69, 0x73, 0x74, 0x4c, 0x65, 0x61, 0x64,
	0x65, 0x72, 0x62, 0x6f, 0x61, 0x72, 0x64, 0x52, 0x65, 0x63, 0x6f, 0x72, 0x64, 0x73, 0x41, 0x72,
	0x6f, 0x75, 0x6e, 0x64, 0x4f, 0x77, 0x6e, 0x65, 0x72, 0x52, 0x65, 0x71, 0x75, 0x65, 0x73, 0x74,
	0x1a, 0x21, 0x2e, 0x6e, 0x61, 0x6b, 0x61, 0x6d, 0x61, 0x2e, 0x61, 0x70, 0x69, 0x2e, 0x4c, 0x65,
	0x61, 0x64, 0x65, 0x72, 0x62, 0x6f, 0x61, 0x72, 0x64, 0x52, 0x65, 0x63, 0x6f, 0x72, 0x64, 0x4c,
	0x69, 0x73, 0x74, 0x22, 0x39, 0x82, 0xd3, 0xe4, 0x93, 0x02, 0x33, 0x12, 0x31, 0x2f, 0x76, 0x32,
	0x2f, 0x6c, 0x65, 0x61, 0x64, 0x65, 0x72, 0x62, 0x6f, 0x61, 0x72, 0x64, 0x2f, 0x7b, 0x6c, 0x65,
	0x61, 0x64, 0x65, 0x72, 0x62, 0x6f, 0x61, 0x72, 0x64, 0x5f, 0x69, 0x64, 0x7d, 0x2f, 0x6f, 0x77,
	0x6e, 0x65, 0x72, 0x2f, 0x7b, 0x6f, 0x77, 0x6e, 0x65, 0x72, 0x5f, 0x69, 0x64, 0x7d, 0x12, 0x57,
	0x0a, 0x0b, 0x4c, 0x69, 0x73, 0x74, 0x4d, 0x61, 0x74, 0x63, 0x68, 0x65, 0x73, 0x12, 0x1e, 0x2e,
	0x6e, 0x61, 0x6b, 0x61, 0x6d, 0x61, 0x2e, 0x61, 0x70, 0x69, 0x2e, 0x4c, 0x69, 0x73, 0x74, 0x4d,
	0x61, 0x74, 0x63, 0x68, 0x65, 0x73, 0x52, 0x65, 0x71, 0x75, 0x65, 0x73, 0x74, 0x1a, 0x15, 0x2e,
	0x6e, 0x61, 0x6b, 0x61, 0x6d, 0x61, 0x2e, 0x61, 0x70, 0x69, 0x2e, 0x4d, 0x61, 0x74, 0x63, 0x68,
	0x4c, 0x69, 0x73, 0x74, 0x22, 0x11, 0x82, 0xd3, 0xe4, 0x93, 0x02, 0x0b, 0x12, 0x09, 0x2f, 0x76,
	0x32, 0x2f, 0x6d, 0x61, 0x74, 0x63, 0x68, 0x12, 0x71, 0x0a, 0x11, 0x4c, 0x69, 0x73, 0x74, 0x4e,
	0x6f, 0x74, 0x69, 0x66, 0x69, 0x63, 0x61, 0x74, 0x69, 0x6f, 0x6e, 0x73, 0x12, 0x24, 0x2e, 0x6e,
	0x61, 0x6b, 0x61, 0x6d, 0x61, 0x2e, 0x61, 0x70, 0x69, 0x2e, 0x4c, 0x69, 0x73, 0x74, 0x4e, 0x6f,
	0x74, 0x69, 0x66, 0x69, 0x63, 0x61, 0x74, 0x69, 0x6f, 0x6e, 0x73, 0x52, 0x65, 0x71, 0x75, 0x65,
	0x73, 0x74, 0x1a, 0x1c, 0x2e, 0x6e, 0x61, 0x6b, 0x61, 0x6d, 0x61, 0x2e, 0x61, 0x70, 0x69, 0x2e,
	0x4e, 0x6f, 0x74, 0x69, 0x66, 0x69, 0x63, 0x61, 0x74, 0x69, 0x6f, 0x6e, 0x4c, 0x69, 0x73, 0x74,
	0x22, 0x18, 0x82, 0xd3, 0xe4, 0x93, 0x02, 0x12, 0x12, 0x10, 0x2f, 0x76, 0x32, 0x2f, 0x6e, 0x6f,
	0x74, 0x69, 0x66, 0x69, 0x63, 0x61, 0x74, 0x69, 0x6f, 0x6e, 0x12, 0xa2, 0x01, 0x0a, 0x12, 0x4c,
	0x69, 0x73, 0x74, 0x53, 0x74, 0x6f, 0x72, 0x61, 0x67, 0x65, 0x4f, 0x62, 0x6a, 0x65, 0x63, 0x74,
	0x73, 0x12, 0x25, 0x2e, 0x6e, 0x61, 0x6b, 0x61, 0x6d, 0x61, 0x2e, 0x61, 0x70, 0x69, 0x2e, 0x4c,
	0x69, 0x73, 0x74, 0x53, 0x74, 0x6f, 0x72, 0x61, 0x67, 0x65, 0x4f, 0x62, 0x6a, 0x65, 0x63, 0x74,
	0x73, 0x52, 0x65, 0x71, 0x75, 0x65, 0x73, 0x74, 0x1a, 0x1d, 0x2e, 0x6e, 0x61, 0x6b, 0x61, 0x6d,
	0x61, 0x2e, 0x61, 0x70, 0x69, 0x2e, 0x53, 0x74, 0x6f, 0x72, 0x61, 0x67, 0x65, 0x4f, 0x62, 0x6a,
	0x65, 0x63, 0x74, 0x4c, 0x69, 0x73, 0x74, 0x22, 0x46, 0x82, 0xd3, 0xe4, 0x93, 0x02, 0x40, 0x5a,
	0x24, 0x12, 0x22, 0x2f, 0x76, 0x32, 0x2f, 0x73, 0x74, 0x6f, 0x72, 0x61, 0x67, 0x65, 0x2f, 0x7b,
	0x63, 0x6f, 0x6c, 0x6c, 0x65, 0x63, 0x74, 0x69, 0x6f, 0x6e, 0x7d, 0x2f, 0x7b, 0x75, 0x73, 0x65,
	0x72, 0x5f, 0x69, 0x64, 0x7d, 0x12, 0x18, 0x2f, 0x76, 0x32, 0x2f, 0x73, 0x74, 0x6f, 0x72, 0x61,
	0x67, 0x65, 0x2f, 0x7b, 0x63, 0x6f, 0x6c, 0x6c, 0x65, 0x63, 0x74, 0x69, 0x6f, 0x6e, 0x7d, 0x12,
	0x78, 0x0a, 0x11, 0x4c, 0x69, 0x73, 0x74, 0x53, 0x75, 0x62, 0x73, 0x63, 0x72, 0x69, 0x70, 0x74,
	0x69, 0x6f, 0x6e, 0x73, 0x12, 0x24, 0x2e, 0x6e, 0x61, 0x6b, 0x61, 0x6d, 0x61, 0x2e, 0x61, 0x70,
	0x69, 0x2e, 0x4c, 0x69, 0x73, 0x74, 0x53, 0x75, 0x62, 0x73, 0x63, 0x72, 0x69, 0x70, 0x74, 0x69,
	0x6f, 0x6e, 0x73, 0x52, 0x65, 0x71, 0x75, 0x65, 0x73, 0x74, 0x1a, 0x1c, 0x2e, 0x6e, 0x61, 0x6b,
	0x61, 0x6d, 0x61, 0x2e, 0x61, 0x70, 0x69, 0x2e, 0x53, 0x75, 0x62, 0x73, 0x63, 0x72, 0x69, 0x70,
	0x74, 0x69, 0x6f, 0x6e, 0x4c, 0x69, 0x73, 0x74, 0x22, 0x1f, 0x82, 0xd3, 0xe4, 0x93, 0x02, 0x19,
	0x3a, 0x01, 0x2a, 0x22, 0x14, 0x2f, 0x76, 0x32, 0x2f, 0x69, 0x61, 0x70, 0x2f, 0x73, 0x75, 0x62,
	0x73, 0x63, 0x72, 0x69, 0x70, 0x74, 0x69, 0x6f, 0x6e, 0x12, 0x69, 0x0a, 0x0f, 0x4c, 0x69, 0x73,
	0x74, 0x54, 0x6f, 0x75, 0x72, 0x6e, 0x61, 0x6d, 0x65, 0x6e, 0x74, 0x73, 0x12, 0x22, 0x2e, 0x6e,
	0x61, 0x6b, 0x61, 0x6d, 0x61, 0x2e, 0x61, 0x70, 0x69, 0x2e, 0x4c, 0x69, 0x73, 0x74, 0x54, 0x6f,
	0x75, 0x72, 0x6e, 0x61, 0x6d, 0x65, 0x6e, 0x74, 0x73, 0x52, 0x65, 0x71, 0x75, 0x65, 0x73, 0x74,
	0x1a, 0x1a, 0x2e, 0x6e, 0x61, 0x6b, 0x61, 0x6d, 0x61, 0x2e, 0x61, 0x70, 0x69, 0x2e, 0x54, 0x6f,
	0x75, 0x72, 0x6e, 0x61, 0x6d, 0x65, 0x6e, 0x74, 0x4c, 0x69, 0x73, 0x74, 0x22, 0x16, 0x82, 0xd3,
	0xe4, 0x93, 0x02, 0x10, 0x12, 0x0e, 0x2f, 0x76, 0x32, 0x2f, 0x74, 0x6f, 0x75, 0x72, 0x6e, 0x61,
	0x6d, 0x65, 0x6e, 0x74, 0x12, 0x8b, 0x01, 0x0a, 0x15, 0x4c, 0x69, 0x73, 0x74, 0x54, 0x6f, 0x75,
	0x72, 0x6e, 0x61, 0x6d, 0x65, 0x6e, 0x74, 0x52, 0x65, 0x63, 0x6f, 0x72, 0x64, 0x73, 0x12, 0x28,
	0x2e, 0x6e, 0x61, 0x6b, 0x61, 0x6d, 0x61, 0x2e, 0x61, 0x70, 0x69, 0x2e, 0x4c, 0x69, 0x73, 0x74,
	0x54, 0x6f, 0x75, 0x72, 0x6e, 0x61, 0x6d, 0x65, 0x6e, 0x74, 0x52, 0x65, 0x63, 0x6f, 0x72, 0x64,
	0x73, 0x52, 0x65, 0x71, 0x75, 0x65, 0x73, 0x74, 0x1a, 0x20, 0x2e, 0x6e, 0x61, 0x6b, 0x61, 0x6d,
	0x61, 0x2e, 0x61, 0x70, 0x69, 0x2e, 0x54, 0x6f, 0x75, 0x72, 0x6e, 0x61, 0x6d, 0x65, 0x6e, 0x74,
	0x52, 0x65, 0x63, 0x6f, 0x72, 0x64, 0x4c, 0x69, 0x73, 0x74, 0x22, 0x26, 0x82, 0xd3, 0xe4, 0x93,
	0x02, 0x20, 0x12, 0x1e, 0x2f, 0x76, 0x32, 0x2f, 0x74, 0x6f, 0x75, 0x72, 0x6e, 0x61, 0x6d, 0x65,
	0x6e, 0x74, 0x2f, 0x7b, 0x74, 0x6f, 0x75, 0x72, 0x6e, 0x61, 0x6d, 0x65, 0x6e, 0x74, 0x5f, 0x69,
	0x64, 0x7d, 0x12, 0xb2, 0x01, 0x0a, 0x20, 0x4c, 0x69, 0x73, 0x74, 0x54, 0x6f, 0x75, 0x72, 0x6e,
	0x61, 0x6d, 0x65, 0x6e, 0x74, 0x52, 0x65, 0x63, 0x6f, 0x72, 0x64, 0x73, 0x41, 0x72, 0x6f, 0x75,
	0x6e, 0x64, 0x4f, 0x77, 0x6e, 0x65, 0x72, 0x12, 0x33, 0x2e, 0x6e, 0x61, 0x6b, 0x61, 0x6d, 0x61,
	0x2e, 0x61, 0x70, 0x69, 0x2e, 0x4c, 0x69, 0x73, 0x74, 0x54, 0x6f, 0x75, 0x72, 0x6e, 0x61, 0x6d,
	0x65, 0x6e, 0x74, 0x52, 0x65, 0x63, 0x6f, 0x72, 0x64, 0x73, 0x41, 0x72, 0x6f, 0x75, 0x6e, 0x64,
	0x4f, 0x77, 0x6e, 0x65, 0x72, 0x52, 0x65, 0x71, 0x75, 0x65, 0x73, 0x74, 0x1a, 0x20, 0x2e, 0x6e,
	0x61, 0x6b, 0x61, 0x6d, 0x61, 0x2e, 0x61, 0x70, 0x69, 0x2e, 0x54, 0x6f, 0x75, 0x72, 0x6e, 0x61,
	0x6d, 0x65, 0x6e, 0x74, 0x52, 0x65, 0x63, 0x6f, 0x72, 0x64, 0x4c, 0x69, 0x73, 0x74, 0x22, 0x37,
	0x82, 0xd3, 0xe4, 0x93, 0x02, 0x31, 0x12, 0x2f, 0x2f, 0x76, 0x32, 0x2f, 0x74, 0x6f, 0x75, 0x72,
	0x6e, 0x61, 0x6d, 0x65, 0x6e, 0x74, 0x2f, 0x7b, 0x74, 0x6f, 0x75, 0x72, 0x6e, 0x61, 0x6d, 0x65,
	0x6e, 0x74, 0x5f, 0x69, 0x64, 0x7d, 0x2f, 0x6f, 0x77, 0x6e, 0x65, 0x72, 0x2f, 0x7b, 0x6f, 0x77,
	0x6e, 0x65, 0x72, 0x5f, 0x69, 0x64, 0x7d, 0x12, 0x70, 0x0a, 0x0e, 0x4c, 0x69, 0x73, 0x74, 0x55,
	0x73, 0x65, 0x72, 0x47, 0x72, 0x6f, 0x75, 0x70, 0x73, 0x12, 0x21, 0x2e, 0x6e, 0x61, 0x6b, 0x61,
	0x6d, 0x61, 0x2e, 0x61, 0x70, 0x69, 0x2e, 0x4c, 0x69, 0x73, 0x74, 0x55, 0x73, 0x65, 0x72, 0x47,
	0x72, 0x6f, 0x75, 0x70, 0x73, 0x52, 0x65, 0x71, 0x75, 0x65, 0x73, 0x74, 0x1a, 0x19, 0x2e, 0x6e,
	0x61, 0x6b, 0x61, 0x6d, 0x61, 0x2e, 0x61, 0x70, 0x69, 0x2e, 0x55, 0x73, 0x65, 0x72, 0x47, 0x72,
	0x6f, 0x75, 0x70, 0x4c, 0x69, 0x73, 0x74, 0x22, 0x20, 0x82, 0xd3, 0xe4, 0x93, 0x02, 0x1a, 0x12,
	0x18, 0x2f, 0x76, 0x32, 0x2f, 0x75, 0x73, 0x65, 0x72, 0x2f, 0x7b, 0x75, 0x73, 0x65, 0x72, 0x5f,
	0x69, 0x64, 0x7d, 0x2f, 0x67, 0x72, 0x6f, 0x75, 0x70, 0x12, 0x77, 0x0a, 0x11, 0x50, 0x72, 0x6f,
	0x6d, 0x6f, 0x74, 0x65, 0x47, 0x72, 0x6f, 0x75, 0x70, 0x55, 0x73, 0x65, 0x72, 0x73, 0x12, 0x24,
	0x2e, 0x6e, 0x61, 0x6b, 0x61, 0x6d, 0x61, 0x2e, 0x61, 0x70, 0x69, 0x2e, 0x50, 0x72, 0x6f, 0x6d,
	0x6f, 0x74, 0x65, 0x47, 0x72, 0x6f, 0x75, 0x70, 0x55, 0x73, 0x65, 0x72, 0x73, 0x52, 0x65, 0x71,
	0x75, 0x65, 0x73, 0x74, 0x1a, 0x16, 0x2e, 0x67, 0x6f, 0x6f, 0x67, 0x6c, 0x65, 0x2e, 0x70, 0x72,
	0x6f, 0x74, 0x6f, 0x62, 0x75, 0x66, 0x2e, 0x45, 0x6d, 0x70, 0x74, 0x79, 0x22, 0x24, 0x82, 0xd3,
	0xe4, 0x93, 0x02, 0x1e, 0x22, 0x1c, 0x2f, 0x76, 0x32, 0x2f, 0x67, 0x72, 0x6f, 0x75, 0x70, 0x2f,
	0x7b, 0x67, 0x72, 0x6f, 0x75, 0x70, 0x5f, 0x69, 0x64, 0x7d, 0x2f, 0x70, 0x72, 0x6f, 0x6d, 0x6f,
	0x74, 0x65, 0x12, 0x74, 0x0a, 0x10, 0x44, 0x65, 0x6d, 0x6f, 0x74, 0x65, 0x47, 0x72, 0x6f, 0x75,
	0x70, 0x55, 0x73, 0x65, 0x72, 0x73, 0x12, 0x23, 0x2e, 0x6e, 0x61, 0x6b, 0x61, 0x6d, 0x61, 0x2e,
	0x61, 0x70, 0x69, 0x2e, 0x44, 0x65, 0x6d, 0x6f, 0x74, 0x65, 0x47, 0x72, 0x6f, 0x75, 0x70, 0x55,
	0x73, 0x65, 0x72, 0x73, 0x52, 0x65, 0x71, 0x75, 0x65, 0x73, 0x74, 0x1a, 0x16, 0x2e, 0x67, 0x6f,
	0x6f, 0x67, 0x6c, 0x65, 0x2e, 0x70, 0x72, 0x6f, 0x74, 0x6f, 0x62, 0x75, 0x66, 0x2e, 0x45, 0x6d,
	0x70, 0x74, 0x79, 0x22, 0x23, 0x82, 0xd3, 0xe4, 0x93, 0x02, 0x1d, 0x22, 0x1b, 0x2f, 0x76, 0x32,
	0x2f, 0x67, 0x72, 0x6f, 0x75, 0x70, 0x2f, 0x7b, 0x67, 0x72, 0x6f, 0x75, 0x70, 0x5f, 0x69, 0x64,
	0x7d, 0x2f, 0x64, 0x65, 0x6d, 0x6f, 0x74, 0x65, 0x12, 0x6f, 0x0a, 0x12, 0x52, 0x65, 0x61, 0x64,
	0x53, 0x74, 0x6f, 0x72, 0x61, 0x67, 0x65, 0x4f, 0x62, 0x6a, 0x65, 0x63, 0x74, 0x73, 0x12, 0x25,
	0x2e, 0x6e, 0x61, 0x6b, 0x61, 0x6d, 0x61, 0x2e, 0x61, 0x70, 0x69, 0x2e, 0x52, 0x65, 0x61, 0x64,
	0x53, 0x74, 0x6f, 0x72, 0x61, 0x67, 0x65, 0x4f, 0x62, 0x6a, 0x65, 0x63, 0x74, 0x73, 0x52, 0x65,
	0x71, 0x75, 0x65, 0x73, 0x74, 0x1a, 0x1a, 0x2e, 0x6e, 0x61, 0x6b, 0x61, 0x6d, 0x61, 0x2e, 0x61,
	0x70, 0x69, 0x2e, 0x53, 0x74, 0x6f, 0x72, 0x61, 0x67, 0x65, 0x4f, 0x62, 0x6a, 0x65, 0x63, 0x74,
	0x73, 0x22, 0x16, 0x82, 0xd3, 0xe4, 0x93, 0x02, 0x10, 0x3a, 0x01, 0x2a, 0x22, 0x0b, 0x2f, 0x76,
	0x32, 0x2f, 0x73, 0x74, 0x6f, 0x72, 0x61, 0x67, 0x65, 0x12, 0x7f, 0x0a, 0x07, 0x52, 0x70, 0x63,
	0x46, 0x75, 0x6e, 0x63, 0x12, 0x0f, 0x2e, 0x6e, 0x61, 0x6b, 0x61, 0x6d, 0x61, 0x2e, 0x61, 0x70,
	0x69, 0x2e, 0x52, 0x70, 0x63, 0x1a, 0x0f, 0x2e, 0x6e, 0x61, 0x6b, 0x61, 0x6d, 0x61, 0x2e, 0x61,
	0x70, 0x69, 0x2e, 0x52, 0x70, 0x63, 0x22, 0x52, 0x92, 0x41, 0x22, 0x62, 0x20, 0x0a, 0x0d, 0x0a,
	0x09, 0x42, 0x65, 0x61, 0x72, 0x65, 0x72, 0x4a, 0x77, 0x74, 0x12, 0x00, 0x0a, 0x0f, 0x0a, 0x0b,
	0x48, 0x74, 0x74, 0x70, 0x4b, 0x65, 0x79, 0x41, 0x75, 0x74, 0x68, 0x12, 0x00, 0x82, 0xd3, 0xe4,
	0x93, 0x02, 0x27, 0x3a, 0x07, 0x70, 0x61, 0x79, 0x6c, 0x6f, 0x61, 0x64, 0x5a, 0x0e, 0x12, 0x0c,
	0x2f, 0x76, 0x32, 0x2f, 0x72, 0x70, 0x63, 0x2f, 0x7b, 0x69, 0x64, 0x7d, 0x22, 0x0c, 0x2f, 0x76,
	0x32, 0x2f, 0x72, 0x70, 0x63, 0x2f, 0x7b, 0x69, 0x64, 0x7d, 0x12, 0x64, 0x0a, 0x0b, 0x55, 0x6e,
	0x6c, 0x69, 0x6e, 0x6b, 0x41, 0x70, 0x70, 0x6c, 0x65, 0x12, 0x18, 0x2e, 0x6e, 0x61, 0x6b, 0x61,
	0x6d, 0x61, 0x2e, 0x61, 0x70, 0x69, 0x2e, 0x41, 0x63, 0x63, 0x6f, 0x75, 0x6e, 0x74, 0x41, 0x70,
	0x70, 0x6c, 0x65, 0x1a, 0x16, 0x2e, 0x67, 0x6f, 0x6f, 0x67, 0x6c, 0x65, 0x2e, 0x70, 0x72, 0x6f,
	0x74, 0x6f, 0x62, 0x75, 0x66, 0x2e, 0x45, 0x6d, 0x70, 0x74, 0x79, 0x22, 0x23, 0x82, 0xd3, 0xe4,
	0x93, 0x02, 0x1d, 0x3a, 0x01, 0x2a, 0x22, 0x18, 0x2f, 0x76, 0x32, 0x2f, 0x61, 0x63, 0x63, 0x6f,
	0x75, 0x6e, 0x74, 0x2f, 0x75, 0x6e, 0x6c, 0x69, 0x6e, 0x6b, 0x2f, 0x61, 0x70, 0x70, 0x6c, 0x65,
	0x12, 0x67, 0x0a, 0x0c, 0x55, 0x6e, 0x6c, 0x69, 0x6e, 0x6b, 0x43, 0x75, 0x73, 0x74, 0x6f, 0x6d,
	0x12, 0x19, 0x2e, 0x6e, 0x61, 0x6b, 0x61, 0x6d, 0x61, 0x2e, 0x61, 0x70, 0x69, 0x2e, 0x41, 0x63,
	0x63, 0x6f, 0x75, 0x6e, 0x74, 0x43, 0x75, 0x73, 0x74, 0x6f, 0x6d, 0x1a, 0x16, 0x2e, 0x67, 0x6f,
	0x6f, 0x67, 0x6c, 0x65, 0x2e, 0x70, 0x72, 0x6f, 0x74, 0x6f, 0x62, 0x75, 0x66, 0x2e, 0x45, 0x6d,
	0x70, 0x74, 0x79, 0x22, 0x24, 0x82, 0xd3, 0xe4, 0x93, 0x02, 0x1e, 0x3a, 0x01, 0x2a, 0x22, 0x19,
	0x2f, 0x76, 0x32, 0x2f, 0x61, 0x63, 0x63, 0x6f, 0x75, 0x6e, 0x74, 0x2f, 0x75, 0x6e, 0x6c, 0x69,
	0x6e, 0x6b, 0x2f, 0x63, 0x75, 0x73, 0x74, 0x6f, 0x6d, 0x12, 0x67, 0x0a, 0x0c, 0x55, 0x6e, 0x6c,
	0x69, 0x6e, 0x6b, 0x44, 0x65, 0x76, 0x69, 0x63, 0x65, 0x12, 0x19, 0x2e, 0x6e, 0x61, 0x6b, 0x61,
	0x6d, 0x61, 0x2e, 0x61, 0x70, 0x69, 0x2e, 0x41, 0x63, 0x63, 0x6f, 0x75, 0x6e, 0x74, 0x44, 0x65,
	0x76, 0x69, 0x63, 0x65, 0x1a, 0x16, 0x2e, 0x67, 0x6f, 0x6f, 0x67, 0x6c, 0x65, 0x2e, 0x70, 0x72,
	0x6f, 0x74, 0x6f, 0x62, 0x75, 0x66, 0x2e, 0x45, 0x6d, 0x70, 0x74, 0x79, 0x22, 0x24, 0x82, 0xd3,
	0xe4, 0x93, 0x02, 0x1e, 0x3a, 0x01, 0x2a, 0x22, 0x19, 0x2f, 0x76, 0x32, 0x2f, 0x61, 0x63, 0x63,
	0x6f, 0x75, 0x6e, 0x74, 0x2f, 0x75, 0x6e, 0x6c, 0x69, 0x6e, 0x6b, 0x2f, 0x64, 0x65, 0x76, 0x69,
	0x63, 0x65, 0x12, 0x64, 0x0a, 0x0b, 0x55, 0x6e, 0x6c, 0x69, 0x6e, 0x6b, 0x45, 0x6d, 0x61, 0x69,
	0x6c, 0x12, 0x18, 0x2e, 0x6e, 0x61, 0x6b, 0x61, 0x6d, 0x61, 0x2e, 0x61, 0x70, 0x69, 0x2e, 0x41,
	0x63, 0x63, 0x6f, 0x75, 0x6e, 0x74, 0x45, 0x6d, 0x61, 0x69, 0x6c, 0x1a, 0x16, 0x2e, 0x67, 0x6f,
	0x6f, 0x67, 0x6c, 0x65, 0x2e, 0x70, 0x72, 0x6f, 0x74, 0x6f, 0x62, 0x75, 0x66, 0x2e, 0x45, 0x6d,
	0x70, 0x74, 0x79, 0x22, 0x23, 0x82, 0xd3, 0xe4, 0x93, 0x02, 0x1d, 0x3a, 0x01, 0x2a, 0x22, 0x18,
	0x2f, 0x76, 0x32, 0x2f, 0x61, 0x63, 0x63, 0x6f, 0x75, 0x6e, 0x74, 0x2f, 0x75, 0x6e, 0x6c, 0x69,
	0x6e, 0x6b, 0x2f, 0x65, 0x6d, 0x61, 0x69, 0x6c, 0x12, 0x6d, 0x0a, 0x0e, 0x55, 0x6e, 0x6c, 0x69,
	0x6e, 0x6b, 0x46, 0x61, 0x63, 0x65, 0x62, 0x6f, 0x6f, 0x6b, 0x12, 0x1b, 0x2e, 0x6e, 0x61, 0x6b,
	0x61, 0x6d, 0x61, 0x2e, 0x61, 0x70, 0x69, 0x2e, 0x41, 0x63, 0x63, 0x6f, 0x75, 0x6e, 0x74, 0x46,
	0x61, 0x63, 0x65, 0x62, 0x6f, 0x6f, 0x6b, 0x1a, 0x16, 0x2e, 0x67, 0x6f, 0x6f, 0x67, 0x6c, 0x65,
	0x2e, 0x70, 0x72, 0x6f, 0x74, 0x6f, 0x62, 0x75, 0x66, 0x2e, 0x45, 0x6d, 0x70, 0x74, 0x79, 0x22,
	0x26, 0x82, 0xd3, 0xe4, 0x93, 0x02, 0x20, 0x3a, 0x01, 0x2a, 0x22, 0x1b, 0x2f, 0x76, 0x32, 0x2f,
	0x61, 0x63, 0x63, 0x6f, 0x75, 0x6e, 0x74, 0x2f, 0x75, 0x6e, 0x6c, 0x69, 0x6e, 0x6b, 0x2f, 0x66,
	0x61, 0x63, 0x65, 0x62, 0x6f, 0x6f, 0x6b, 0x12, 0x8e, 0x01, 0x0a, 0x19, 0x55, 0x6e, 0x6c, 0x69,
	0x6e, 0x6b, 0x46, 0x61, 0x63, 0x65, 0x62, 0x6f, 0x6f, 0x6b, 0x49, 0x6e, 0x73, 0x74, 0x61, 0x6e,
	0x74, 0x47, 0x61, 0x6d, 0x65, 0x12, 0x26, 0x2e, 0x6e, 0x61, 0x6b, 0x61, 0x6d, 0x61, 0x2e, 0x61,
	0x70, 0x69, 0x2e, 0x41, 0x63, 0x63, 0x6f, 0x75, 0x6e, 0x74, 0x46, 0x61, 0x63, 0x65, 0x62, 0x6f,
	0x6f, 0x6b, 0x49, 0x6e, 0x73, 0x74, 0x61, 0x6e, 0x74, 0x47, 0x61, 0x6d, 0x65, 0x1a, 0x16, 0x2e,
	0x67, 0x6f, 0x6f, 0x67, 0x6c, 0x65, 0x2e, 0x70, 0x72, 0x6f, 0x74, 0x6f, 0x62, 0x75, 0x66, 0x2e,
	0x45, 0x6d, 0x70, 0x74, 0x79, 0x22, 0x31, 0x82, 0xd3, 0xe4, 0x93, 0x02, 0x2b, 0x3a, 0x01, 0x2a,
	0x22, 0x26, 0x2f, 0x76, 0x32, 0x2f, 0x61, 0x63, 0x63, 0x6f, 0x75, 0x6e, 0x74, 0x2f, 0x75, 0x6e,
	0x6c, 0x69, 0x6e, 0x6b, 0x2f, 0x66, 0x61, 0x63, 0x65, 0x62, 0x6f, 0x6f, 0x6b, 0x69, 0x6e, 0x73,
	0x74, 0x61, 0x6e, 0x74, 0x67, 0x61, 0x6d, 0x65, 0x12, 0x73, 0x0a, 0x10, 0x55, 0x6e, 0x6c, 0x69,
	0x6e, 0x6b, 0x47, 0x61, 0x6d, 0x65, 0x43, 0x65, 0x6e, 0x74, 0x65, 0x72, 0x12, 0x1d, 0x2e, 0x6e,
	0x61, 0x6b, 0x61, 0x6d, 0x61, 0x2e, 0x61, 0x70, 0x69, 0x2e, 0x41, 0x63, 0x63, 0x6f, 0x75, 0x6e,
	0x74, 0x47, 0x61, 0x6d, 0x65, 0x43, 0x65, 0x6e, 0x74, 0x65, 0x72, 0x1a, 0x16, 0x2e, 0x67, 0x6f,
	0x6f, 0x67, 0x6c, 0x65, 0x2e, 0x70, 0x72, 0x6f, 0x74, 0x6f, 0x62, 0x75, 0x66, 0x2e, 0x45, 0x6d,
	0x70, 0x74, 0x79, 0x22, 0x28, 0x82, 0xd3, 0xe4, 0x93, 0x02, 0x22, 0x3a, 0x01, 0x2a, 0x22, 0x1d,
	0x2f, 0x76, 0x32, 0x2f, 0x61, 0x63, 0x63, 0x6f, 0x75, 0x6e, 0x74, 0x2f, 0x75, 0x6e, 0x6c, 0x69,
	0x6e, 0x6b, 0x2f, 0x67, 0x61, 0x6d, 0x65, 0x63, 0x65, 0x6e, 0x74, 0x65, 0x72, 0x12, 0x67, 0x0a,
	0x0c, 0x55, 0x6e, 0x6c, 0x69, 0x6e, 0x6b, 0x47, 0x6f, 0x6f, 0x67, 0x6c, 0x65, 0x12, 0x19, 0x2e,
	0x6e, 0x61, 0x6b, 0x61, 0x6d, 0x61, 0x2e, 0x61, 0x70, 0x69, 0x2e, 0x41, 0x63, 0x63, 0x6f, 0x75,
	0x6e, 0x74, 0x47, 0x6f, 0x6f, 0x67, 0x6c, 0x65, 0x1a, 0x16, 0x2e, 0x67, 0x6f, 0x6f, 0x67, 0x6c,
	0x65, 0x2e, 0x70, 0x72, 0x6f, 0x74, 0x6f, 0x62, 0x75, 0x66, 0x2e, 0x45, 0x6d, 0x70, 0x74, 0x79,
	0x22, 0x24, 0x82, 0xd3, 0xe4, 0x93, 0x02, 0x1e, 0x3a, 0x01, 0x2a, 0x22, 0x19, 0x2f, 0x76, 0x32,
	0x2f, 0x61, 0x63, 0x63, 0x6f, 0x75, 0x6e, 0x74, 0x2f, 0x75, 0x6e, 0x6c, 0x69, 0x6e, 0x6b, 0x2f,
	0x67, 0x6f, 0x6f, 0x67, 0x6c, 0x65, 0x12, 0x64, 0x0a, 0x0b, 0x55, 0x6e, 0x6c, 0x69, 0x6e, 0x6b,
	0x53, 0x74, 0x65, 0x61, 0x6d, 0x12, 0x18, 0x2e, 0x6e, 0x61, 0x6b, 0x61, 0x6d, 0x61, 0x2e, 0x61,
	0x70, 0x69, 0x2e, 0x41, 0x63, 0x63, 0x6f, 0x75, 0x6e, 0x74, 0x53, 0x74, 0x65, 0x61, 0x6d, 0x1a,
	0x16, 0x2e, 0x67, 0x6f, 0x6f, 0x67, 0x6c, 0x65, 0x2e, 0x70, 0x72, 0x6f, 0x74, 0x6f, 0x62, 0x75,
	0x66, 0x2e, 0x45, 0x6d, 0x70, 0x74, 0x79, 0x22, 0x23, 0x82, 0xd3, 0xe4, 0x93, 0x02, 0x1d, 0x3a,
	0x01, 0x2a, 0x22, 0x18, 0x2f, 0x76, 0x32, 0x2f, 0x61, 0x63, 0x63, 0x6f, 0x75, 0x6e, 0x74, 0x2f,
	0x75, 0x6e, 0x6c, 0x69, 0x6e, 0x6b, 0x2f, 0x73, 0x74, 0x65, 0x61, 0x6d, 0x12, 0x61, 0x0a, 0x0d,
	0x55, 0x70, 0x64, 0x61, 0x74, 0x65, 0x41, 0x63, 0x63, 0x6f, 0x75, 0x6e, 0x74, 0x12, 0x20, 0x2e,
	0x6e, 0x61, 0x6b, 0x61, 0x6d, 0x61, 0x2e, 0x61, 0x70, 0x69, 0x2e, 0x55, 0x70, 0x64, 0x61, 0x74,
	0x65, 0x41, 0x63, 0x63, 0x6f, 0x75, 0x6e, 0x74, 0x52, 0x65, 0x71, 0x75, 0x65, 0x73, 0x74, 0x1a,
	0x16, 0x2e, 0x67, 0x6f, 0x6f, 0x67, 0x6c, 0x65, 0x2e, 0x70, 0x72, 0x6f, 0x74, 0x6f, 0x62, 0x75,
	0x66, 0x2e, 0x45, 0x6d, 0x70, 0x74, 0x79, 0x22, 0x16, 0x82, 0xd3, 0xe4, 0x93, 0x02, 0x10, 0x3a,
	0x01, 0x2a, 0x1a, 0x0b, 0x2f, 0x76, 0x32, 0x2f, 0x61, 0x63, 0x63, 0x6f, 0x75, 0x6e, 0x74, 0x12,
	0x66, 0x0a, 0x0b, 0x55, 0x70, 0x64, 0x61, 0x74, 0x65, 0x47, 0x72, 0x6f, 0x75, 0x70, 0x12, 0x1e,
	0x2e, 0x6e, 0x61, 0x6b, 0x61, 0x6d, 0x61, 0x2e, 0x61, 0x70, 0x69, 0x2e, 0x55, 0x70, 0x64, 0x61,
	0x74, 0x65, 0x47, 0x72, 0x6f, 0x75, 0x70, 0x52, 0x65, 0x71, 0x75, 0x65, 0x73, 0x74, 0x1a, 0x16,
	0x2e, 0x67, 0x6f, 0x6f, 0x67, 0x6c, 0x65, 0x2e, 0x70, 0x72, 0x6f, 0x74, 0x6f, 0x62, 0x75, 0x66,
	0x2e, 0x45, 0x6d, 0x70, 0x74, 0x79, 0x22, 0x1f, 0x82, 0xd3, 0xe4, 0x93, 0x02, 0x19, 0x3a, 0x01,
	0x2a, 0x1a, 0x14, 0x2f, 0x76, 0x32, 0x2f, 0x67, 0x72, 0x6f, 0x75, 0x70, 0x2f, 0x7b, 0x67, 0x72,
	0x6f, 0x75, 0x70, 0x5f, 0x69, 0x64, 0x7d, 0x12, 0x8a, 0x01, 0x0a, 0x15, 0x56, 0x61, 0x6c, 0x69,
	0x64, 0x61, 0x74, 0x65, 0x50, 0x75, 0x72, 0x63, 0x68, 0x61, 0x73, 0x65, 0x41, 0x70, 0x70, 0x6c,
	0x65, 0x12, 0x28, 0x2e, 0x6e, 0x61, 0x6b, 0x61, 0x6d, 0x61, 0x2e, 0x61, 0x70, 0x69, 0x2e, 0x56,
	0x61, 0x6c, 0x69, 0x64, 0x61, 0x74, 0x65, 0x50, 0x75, 0x72, 0x63, 0x68, 0x61, 0x73, 0x65, 0x41,
	0x70, 0x70, 0x6c, 0x65, 0x52, 0x65, 0x71, 0x75, 0x65, 0x73, 0x74, 0x1a, 0x24, 0x2e, 0x6e, 0x61,
	0x6b, 0x61, 0x6d, 0x61, 0x2e, 0x61, 0x70, 0x69, 0x2e, 0x56, 0x61, 0x6c, 0x69, 0x64, 0x61, 0x74,
	0x65, 0x50, 0x75, 0x72, 0x63, 0x68, 0x61, 0x73, 0x65, 0x52, 0x65, 0x73, 0x70, 0x6f, 0x6e, 0x73,
	0x65, 0x22, 0x21, 0x82, 0xd3, 0xe4, 0x93, 0x02, 0x1b, 0x3a, 0x01, 0x2a, 0x22, 0x16, 0x2f, 0x76,
	0x32, 0x2f, 0x69, 0x61, 0x70, 0x2f, 0x70, 0x75, 0x72, 0x63, 0x68, 0x61, 0x73, 0x65, 0x2f, 0x61,
	0x70, 0x70, 0x6c, 0x65, 0x12, 0x9a, 0x01, 0x0a, 0x19, 0x56, 0x61, 0x6c, 0x69, 0x64, 0x61, 0x74,
	0x65, 0x53, 0x75, 0x62, 0x73, 0x63, 0x72, 0x69, 0x70, 0x74, 0x69, 0x6f, 0x6e, 0x41, 0x70, 0x70,
	0x6c, 0x65, 0x12, 0x2c, 0x2e, 0x6e, 0x61, 0x6b, 0x61, 0x6d, 0x61, 0x2e, 0x61, 0x70, 0x69, 0x2e,
	0x56, 0x61, 0x6c, 0x69, 0x64, 0x61, 0x74, 0x65, 0x53, 0x75, 0x62, 0x73, 0x63, 0x72, 0x69, 0x70,
	0x74, 0x69, 0x6f, 0x6e, 0x41, 0x70, 0x70, 0x6c, 0x65, 0x52, 0x65, 0x71, 0x75, 0x65, 0x73, 0x74,
	0x1a, 0x28, 0x2e, 0x6e, 0x61, 0x6b, 0x61, 0x6d, 0x61, 0x2e, 0x61, 0x70, 0x69, 0x2e, 0x56, 0x61,
	0x6c, 0x69, 0x64, 0x61, 0x74, 0x65, 0x53, 0x75, 0x62, 0x73, 0x63, 0x72, 0x69, 0x70, 0x74, 0x69,
	0x6f, 0x6e, 0x52, 0x65, 0x73, 0x70, 0x6f, 0x6e, 0x73, 0x65, 0x22, 0x25, 0x82, 0xd3, 0xe4, 0x93,
	0x02, 0x1f, 0x3a, 0x01, 0x2a, 0x22, 0x1a, 0x2f, 0x76, 0x32, 0x2f, 0x69, 0x61, 0x70, 0x2f, 0x73,
	0x75, 0x62, 0x73, 0x63, 0x72, 0x69, 0x70, 0x74, 0x69, 0x6f, 0x6e, 0x2f, 0x61, 0x70, 0x70, 0x6c,
	0x65, 0x12, 0x8d, 0x01, 0x0a, 0x16, 0x56, 0x61, 0x6c, 0x69, 0x64, 0x61, 0x74, 0x65, 0x50, 0x75,
	0x72, 0x63, 0x68, 0x61, 0x73, 0x65, 0x47, 0x6f, 0x6f, 0x67, 0x6c, 0x65, 0x12, 0x29, 0x2e, 0x6e,
	0x61, 0x6b, 0x61, 0x6d, 0x61, 0x2e, 0x61, 0x70, 0x69, 0x2e, 0x56, 0x61, 0x6c, 0x69, 0x64, 0x61,
	0x74, 0x65, 0x50, 0x75, 0x72, 0x63, 0x68, 0x61, 0x73, 0x65, 0x47, 0x6f, 0x6f, 0x67, 0x6c, 0x65,
	0x52, 0x65, 0x71, 0x75, 0x65, 0x73, 0x74, 0x1a, 0x24, 0x2e, 0x6e, 0x61, 0x6b, 0x61, 0x6d, 0x61,
	0x2e, 0x61, 0x70, 0x69, 0x2e, 0x56, 0x61, 0x6c, 0x69, 0x64, 0x61, 0x74, 0x65, 0x50, 0x75, 0x72,
	0x63, 0x68, 0x61, 0x73, 0x65, 0x52, 0x65, 0x73, 0x70, 0x6f, 0x6e, 0x73, 0x65, 0x22, 0x22, 0x82,
	0xd3, 0xe4, 0x93, 0x02, 0x1c, 0x3a, 0x01, 0x2a, 0x22, 0x17, 0x2f, 0x76, 0x32, 0x2f, 0x69, 0x61,
	0x70, 0x2f, 0x70, 0x75, 0x72, 0x63, 0x68, 0x61, 0x73, 0x65, 0x2f, 0x67, 0x6f, 0x6f, 0x67, 0x6c,
	0x65, 0x12, 0x9d, 0x01, 0x0a, 0x1a, 0x56, 0x61, 0x6c, 0x69, 0x64, 0x61, 0x74, 0x65, 0x53, 0x75,
	0x62, 0x73, 0x63, 0x72, 0x69, 0x70, 0x74, 0x69, 0x6f, 0x6e, 0x47, 0x6f, 0x6f, 0x67, 0x6c, 0x65,
	0x12, 0x2d, 0x2e, 0x6e, 0x61, 0x6b, 0x61, 0x6d, 0x61, 0x2e, 0x61, 0x70, 0x69, 0x2e, 0x56, 0x61,
	0x6c, 0x69, 0x64, 0x61, 0x74, 0x65, 0x53, 0x75, 0x62, 0x73, 0x63, 0x72, 0x69, 0x70, 0x74, 0x69,
	0x6f, 0x6e, 0x47, 0x6f, 0x6f, 0x67, 0x6c, 0x65, 0x52, 0x65, 0x71, 0x75, 0x65, 0x73, 0x74, 0x1a,
	0x28, 0x2e, 0x6e, 0x61, 0x6b, 0x61, 0x6d, 0x61, 0x2e, 0x61, 0x70, 0x69, 0x2e, 0x56, 0x61, 0x6c,
	0x69, 0x64, 0x61, 0x74, 0x65, 0x53, 0x75, 0x62, 0x73, 0x63, 0x72, 0x69, 0x70, 0x74, 0x69, 0x6f,
	0x6e, 0x52, 0x65, 0x73, 0x70, 0x6f, 0x6e, 0x73, 0x65, 0x22, 0x26, 0x82, 0xd3, 0xe4, 0x93, 0x02,
	0x20, 0x3a, 0x01, 0x2a, 0x22, 0x1b, 0x2f, 0x76, 0x32, 0x2f, 0x69, 0x61, 0x70, 0x2f, 0x73, 0x75,
	0x62, 0x73, 0x63, 0x72, 0x69, 0x70, 0x74, 0x69, 0x6f, 0x6e, 0x2f, 0x67, 0x6f, 0x6f, 0x67, 0x6c,
	0x65, 0x12, 0x8d, 0x01, 0x0a, 0x16, 0x56, 0x61, 0x6c, 0x69, 0x64, 0x61, 0x74, 0x65, 0x50, 0x75,
	0x72, 0x63, 0x68, 0x61, 0x73, 0x65, 0x48, 0x75, 0x61, 0x77, 0x65, 0x69, 0x12, 0x29, 0x2e, 0x6e,
	0x61, 0x6b, 0x61, 0x6d, 0x61, 0x2e, 0x61, 0x70, 0x69, 0x2e, 0x56, 0x61, 0x6c, 0x69, 0x64, 0x61,
	0x74, 0x65, 0x50, 0x75, 0x72, 0x63, 0x68, 0x61, 0x73, 0x65, 0x48, 0x75, 0x61, 0x77, 0x65, 0x69,
	0x52, 0x65, 0x71, 0x75, 0x65, 0x73, 0x74, 0x1a, 0x24, 0x2e, 0x6e, 0x61, 0x6b, 0x61, 0x6d, 0x61,
	0x2e, 0x61, 0x70, 0x69, 0x2e, 0x56, 0x61, 0x6c, 0x69, 0x64, 0x61, 0x74, 0x65, 0x50, 0x75, 0x72,
	0x63, 0x68, 0x61, 0x73, 0x65, 0x52, 0x65, 0x73, 0x70, 0x6f, 0x6e, 0x73, 0x65, 0x22, 0x22, 0x82,
	0xd3, 0xe4, 0x93, 0x02, 0x1c, 0x3a, 0x01, 0x2a, 0x22, 0x17, 0x2f, 0x76, 0x32, 0x2f, 0x69, 0x61,
	0x70, 0x2f, 0x70, 0x75, 0x72, 0x63, 0x68, 0x61, 0x73, 0x65, 0x2f, 0x68, 0x75, 0x61, 0x77, 0x65,
	0x69, 0x12, 0xa8, 0x01, 0x0a, 0x1f, 0x56, 0x61, 0x6c, 0x69, 0x64, 0x61, 0x74, 0x65, 0x50, 0x75,
	0x72, 0x63, 0x68, 0x61, 0x73, 0x65, 0x46, 0x61, 0x63, 0x65, 0x62, 0x6f, 0x6f, 0x6b, 0x49, 0x6e,
	0x73, 0x74, 0x61, 0x6e, 0x74, 0x12, 0x32, 0x2e, 0x6e, 0x61, 0x6b, 0x61, 0x6d, 0x61, 0x2e, 0x61,
	0x70, 0x69, 0x2e, 0x56, 0x61, 0x6c, 0x69, 0x64, 0x61, 0x74, 0x65, 0x50, 0x75, 0x72, 0x63, 0x68,
	0x61, 0x73, 0x65, 0x46, 0x61, 0x63, 0x65, 0x62, 0x6f, 0x6f, 0x6b, 0x49, 0x6e, 0x73, 0x74, 0x61,
	0x6e, 0x74, 0x52, 0x65, 0x71, 0x75, 0x65, 0x73, 0x74, 0x1a, 0x24, 0x2e, 0x6e, 0x61, 0x6b, 0x61,
	0x6d, 0x61, 0x2e, 0x61, 0x70, 0x69, 0x2e, 0x56, 0x61, 0x6c, 0x69, 0x64, 0x61, 0x74, 0x65, 0x50,
	0x75, 0x72, 0x63, 0x68, 0x61, 0x73, 0x65, 0x52, 0x65, 0x73, 0x70, 0x6f, 0x6e, 0x73, 0x65, 0x22,
	0x2b, 0x82, 0xd3, 0xe4, 0x93, 0x02, 0x25, 0x3a, 0x01, 0x2a, 0x22, 0x20, 0x2f, 0x76, 0x32, 0x2f,
	0x69, 0x61, 0x70, 0x2f, 0x70, 0x75, 0x72, 0x63, 0x68, 0x61, 0x73, 0x65, 0x2f, 0x66, 0x61, 0x63,
	0x65, 0x62, 0x6f, 0x6f, 0x6b, 0x69, 0x6e, 0x73, 0x74, 0x61, 0x6e, 0x74, 0x12, 0x94, 0x01, 0x0a,
	0x16, 0x57, 0x72, 0x69, 0x74, 0x65, 0x4c, 0x65, 0x61, 0x64, 0x65, 0x72, 0x62, 0x6f, 0x61, 0x72,
	0x64, 0x52, 0x65, 0x63, 0x6f, 0x72, 0x64, 0x12, 0x29, 0x2e, 0x6e, 0x61, 0x6b, 0x61, 0x6d, 0x61,
	0x2e, 0x61, 0x70, 0x69, 0x2e, 0x57, 0x72, 0x69, 0x74, 0x65, 0x4c, 0x65, 0x61, 0x64, 0x65, 0x72,
	0x62, 0x6f, 0x61, 0x72, 0x64, 0x52, 0x65, 0x63, 0x6f, 0x72, 0x64, 0x52, 0x65, 0x71, 0x75, 0x65,
	0x73, 0x74, 0x1a, 0x1d, 0x2e, 0x6e, 0x61, 0x6b, 0x61, 0x6d, 0x61, 0x2e, 0x61, 0x70, 0x69, 0x2e,
	0x4c, 0x65, 0x61, 0x64, 0x65, 0x72, 0x62, 0x6f, 0x61, 0x72, 0x64, 0x52, 0x65, 0x63, 0x6f, 0x72,
	0x64, 0x22, 0x30, 0x82, 0xd3, 0xe4, 0x93, 0x02, 0x2a, 0x3a, 0x06, 0x72, 0x65, 0x63, 0x6f, 0x72,
	0x64, 0x22, 0x20, 0x2f, 0x76, 0x32, 0x2f, 0x6c, 0x65, 0x61, 0x64, 0x65, 0x72, 0x62, 0x6f, 0x61,
	0x72, 0x64, 0x2f, 0x7b, 0x6c, 0x65, 0x61, 0x64, 0x65, 0x72, 0x62, 0x6f, 0x61, 0x72, 0x64, 0x5f,
	0x69, 0x64, 0x7d, 0x12, 0x74, 0x0a, 0x13, 0x57, 0x72, 0x69, 0x74, 0x65, 0x53, 0x74, 0x6f, 0x72,
	0x61, 0x67, 0x65, 0x4f, 0x62, 0x6a, 0x65, 0x63, 0x74, 0x73, 0x12, 0x26, 0x2e, 0x6e, 0x61, 0x6b,
	0x61, 0x6d, 0x61, 0x2e, 0x61, 0x70, 0x69, 0x2e, 0x57, 0x72, 0x69, 0x74, 0x65, 0x53, 0x74, 0x6f,
	0x72, 0x61, 0x67, 0x65, 0x4f, 0x62, 0x6a, 0x65, 0x63, 0x74, 0x73, 0x52, 0x65, 0x71, 0x75, 0x65,
	0x73, 0x74, 0x1a, 0x1d, 0x2e, 0x6e, 0x61, 0x6b, 0x61, 0x6d, 0x61, 0x2e, 0x61, 0x70, 0x69, 0x2e,
	0x53, 0x74, 0x6f, 0x72, 0x61, 0x67, 0x65, 0x4f, 0x62, 0x6a, 0x65, 0x63, 0x74, 0x41, 0x63, 0x6b,
	0x73, 0x22, 0x16, 0x82, 0xd3, 0xe4, 0x93, 0x02, 0x10, 0x3a, 0x01, 0x2a, 0x1a, 0x0b, 0x2f, 0x76,
	0x32, 0x2f, 0x73, 0x74, 0x6f, 0x72, 0x61, 0x67, 0x65, 0x12, 0xba, 0x01, 0x0a, 0x15, 0x57, 0x72,
	0x69, 0x74, 0x65, 0x54, 0x6f, 0x75, 0x72, 0x6e, 0x61, 0x6d, 0x65, 0x6e, 0x74, 0x52, 0x65, 0x63,
	0x6f, 0x72, 0x64, 0x12, 0x28, 0x2e, 0x6e, 0x61, 0x6b, 0x61, 0x6d, 0x61, 0x2e, 0x61, 0x70, 0x69,
	0x2e, 0x57, 0x72, 0x69, 0x74, 0x65, 0x54, 0x6f, 0x75, 0x72, 0x6e, 0x61, 0x6d, 0x65, 0x6e, 0x74,
	0x52, 0x65, 0x63, 0x6f, 0x72, 0x64, 0x52, 0x65, 0x71, 0x75, 0x65, 0x73, 0x74, 0x1a, 0x1d, 0x2e,
	0x6e, 0x61, 0x6b, 0x61, 0x6d, 0x61, 0x2e, 0x61, 0x70, 0x69, 0x2e, 0x4c, 0x65, 0x61, 0x64, 0x65,
	0x72, 0x62, 0x6f, 0x61, 0x72, 0x64, 0x52, 0x65, 0x63, 0x6f, 0x72, 0x64, 0x22, 0x58, 0x82, 0xd3,
	0xe4, 0x93, 0x02, 0x52, 0x3a, 0x06, 0x72, 0x65, 0x63, 0x6f, 0x72, 0x64, 0x5a, 0x28, 0x3a, 0x06,
	0x72, 0x65, 0x63, 0x6f, 0x72, 0x64, 0x22, 0x1e, 0x2f, 0x76, 0x32, 0x2f, 0x74, 0x6f, 0x75, 0x72,
	0x6e, 0x61, 0x6d, 0x65, 0x6e, 0x74, 0x2f, 0x7b, 0x74, 0x6f, 0x75, 0x72, 0x6e, 0x61, 0x6d, 0x65,
	0x6e, 0x74, 0x5f, 0x69, 0x64, 0x7d, 0x1a, 0x1e, 0x2f, 0x76, 0x32, 0x2f, 0x74, 0x6f, 0x75, 0x72,
	0x6e, 0x61, 0x6d, 0x65, 0x6e, 0x74, 0x2f, 0x7b, 0x74, 0x6f, 0x75, 0x72, 0x6e, 0x61, 0x6d, 0x65,
	0x6e, 0x74, 0x5f, 0x69, 0x64, 0x7d, 0x12, 0x60, 0x0a, 0x0a, 0x52, 0x65, 0x64, 0x65, 0x65, 0x6d,
	0x47, 0x69, 0x66, 0x74, 0x12, 0x17, 0x2e, 0x67, 0x61, 0x6d, 0x65, 0x2e, 0x52, 0x65, 0x64, 0x65,
	0x65, 0x6d, 0x47, 0x69, 0x66, 0x74, 0x52, 0x65, 0x71, 0x75, 0x65, 0x73, 0x74, 0x1a, 0x18, 0x2e,
	0x67, 0x61, 0x6d, 0x65, 0x2e, 0x52, 0x65, 0x64, 0x65, 0x65, 0x6d, 0x47, 0x69, 0x66, 0x74, 0x52,
	0x65, 0x73, 0x70, 0x6f, 0x6e, 0x73, 0x65, 0x22, 0x1f, 0x82, 0xd3, 0xe4, 0x93, 0x02, 0x19, 0x3a,
	0x01, 0x2a, 0x22, 0x14, 0x2f, 0x76, 0x32, 0x2f, 0x67, 0x61, 0x6d, 0x65, 0x2f, 0x72, 0x65, 0x64,
	0x65, 0x65, 0x6d, 0x5f, 0x67, 0x69, 0x66, 0x74, 0x12, 0x57, 0x0a, 0x08, 0x46, 0x65, 0x65, 0x64,
	0x62, 0x61, 0x63, 0x6b, 0x12, 0x15, 0x2e, 0x67, 0x61, 0x6d, 0x65, 0x2e, 0x46, 0x65, 0x65, 0x64,
	0x62, 0x61, 0x63, 0x6b, 0x52, 0x65, 0x71, 0x75, 0x65, 0x73, 0x74, 0x1a, 0x16, 0x2e, 0x67, 0x6f,
	0x6f, 0x67, 0x6c, 0x65, 0x2e, 0x70, 0x72, 0x6f, 0x74, 0x6f, 0x62, 0x75, 0x66, 0x2e, 0x45, 0x6d,
	0x70, 0x74, 0x79, 0x22, 0x1c, 0x82, 0xd3, 0xe4, 0x93, 0x02, 0x16, 0x3a, 0x01, 0x2a, 0x22, 0x11,
	0x2f, 0x76, 0x32, 0x2f, 0x67, 0x61, 0x6d, 0x65, 0x2f, 0x66, 0x65, 0x65, 0x64, 0x62, 0x61, 0x63,
	0x6b, 0x12, 0x87, 0x01, 0x0a, 0x12, 0x41, 0x75, 0x74, 0x68, 0x65, 0x6e, 0x74, 0x69, 0x63, 0x61,
	0x74, 0x65, 0x57, 0x65, 0x63, 0x68, 0x61, 0x74, 0x12, 0x1f, 0x2e, 0x67, 0x61, 0x6d, 0x65, 0x2e,
	0x41, 0x75, 0x74, 0x68, 0x65, 0x6e, 0x74, 0x69, 0x63, 0x61, 0x74, 0x65, 0x57, 0x65, 0x63, 0x68,
	0x61, 0x74, 0x52, 0x65, 0x71, 0x75, 0x65, 0x73, 0x74, 0x1a, 0x13, 0x2e, 0x6e, 0x61, 0x6b, 0x61,
	0x6d, 0x61, 0x2e, 0x61, 0x70, 0x69, 0x2e, 0x53, 0x65, 0x73, 0x73, 0x69, 0x6f, 0x6e, 0x22, 0x3b,
	0x92, 0x41, 0x11, 0x62, 0x0f, 0x0a, 0x0d, 0x0a, 0x09, 0x42, 0x61, 0x73, 0x69, 0x63, 0x41, 0x75,
	0x74, 0x68, 0x12, 0x00, 0x82, 0xd3, 0xe4, 0x93, 0x02, 0x21, 0x22, 0x1f, 0x2f, 0x76, 0x32, 0x2f,
	0x61, 0x63, 0x63, 0x6f, 0x75, 0x6e, 0x74, 0x2f, 0x61, 0x75, 0x74, 0x68, 0x65, 0x6e, 0x74, 0x69,
	0x63, 0x61, 0x74, 0x65, 0x2f, 0x77, 0x65, 0x63, 0x68, 0x61, 0x74, 0x12, 0x87, 0x01, 0x0a, 0x12,
	0x41, 0x75, 0x74, 0x68, 0x65, 0x6e, 0x74, 0x69, 0x63, 0x61, 0x74, 0x65, 0x54, 0x69, 0x6b, 0x54,
	0x6f, 0x6b, 0x12, 0x1f, 0x2e, 0x67, 0x61, 0x6d, 0x65, 0x2e, 0x41, 0x75, 0x74, 0x68, 0x65, 0x6e,
	0x74, 0x69, 0x63, 0x61, 0x74, 0x65, 0x54, 0x69, 0x6b, 0x74, 0x6f, 0x6b, 0x52, 0x65, 0x71, 0x75,
	0x65, 0x73, 0x74, 0x1a, 0x13, 0x2e, 0x6e, 0x61, 0x6b, 0x61, 0x6d, 0x61, 0x2e, 0x61, 0x70, 0x69,
	0x2e, 0x53, 0x65, 0x73, 0x73, 0x69, 0x6f, 0x6e, 0x22, 0x3b, 0x92, 0x41, 0x11, 0x62, 0x0f, 0x0a,
	0x0d, 0x0a, 0x09, 0x42, 0x61, 0x73, 0x69, 0x63, 0x41, 0x75, 0x74, 0x68, 0x12, 0x00, 0x82, 0xd3,
	0xe4, 0x93, 0x02, 0x21, 0x22, 0x1f, 0x2f, 0x76, 0x32, 0x2f, 0x61, 0x63, 0x63, 0x6f, 0x75, 0x6e,
	0x74, 0x2f, 0x61, 0x75, 0x74, 0x68, 0x65, 0x6e, 0x74, 0x69, 0x63, 0x61, 0x74, 0x65, 0x2f, 0x74,
	0x69, 0x6b, 0x74, 0x6f, 0x6b, 0x12, 0x65, 0x0a, 0x0f, 0x53, 0x75, 0x62, 0x6d, 0x69, 0x74, 0x42,
	0x65, 0x49, 0x6e, 0x76, 0x69, 0x74, 0x65, 0x64, 0x12, 0x1c, 0x2e, 0x67, 0x61, 0x6d, 0x65, 0x2e,
	0x53, 0x75, 0x62, 0x6d, 0x69, 0x74, 0x42, 0x65, 0x49, 0x6e, 0x76, 0x69, 0x74, 0x65, 0x64, 0x52,
	0x65, 0x71, 0x75, 0x65, 0x73, 0x74, 0x1a, 0x16, 0x2e, 0x67, 0x6f, 0x6f, 0x67, 0x6c, 0x65, 0x2e,
	0x70, 0x72, 0x6f, 0x74, 0x6f, 0x62, 0x75, 0x66, 0x2e, 0x45, 0x6d, 0x70, 0x74, 0x79, 0x22, 0x1c,
	0x82, 0xd3, 0xe4, 0x93, 0x02, 0x16, 0x3a, 0x01, 0x2a, 0x22, 0x11, 0x2f, 0x76, 0x32, 0x2f, 0x69,
	0x6e, 0x76, 0x69, 0x74, 0x65, 0x2f, 0x73, 0x75, 0x62, 0x6d, 0x69, 0x74, 0x12, 0x5a, 0x0a, 0x0b,
	0x4c, 0x69, 0x73, 0x74, 0x49, 0x6e, 0x76, 0x69, 0x74, 0x65, 0x65, 0x12, 0x16, 0x2e, 0x67, 0x6f,
	0x6f, 0x67, 0x6c, 0x65, 0x2e, 0x70, 0x72, 0x6f, 0x74, 0x6f, 0x62, 0x75, 0x66, 0x2e, 0x45, 0x6d,
	0x70, 0x74, 0x79, 0x1a, 0x19, 0x2e, 0x67, 0x61, 0x6d, 0x65, 0x2e, 0x4c, 0x69, 0x73, 0x74, 0x49,
	0x6e, 0x76, 0x69, 0x74, 0x65, 0x65, 0x52, 0x65, 0x73, 0x70, 0x6f, 0x6e, 0x73, 0x65, 0x22, 0x18,
	0x82, 0xd3, 0xe4, 0x93, 0x02, 0x12, 0x12, 0x10, 0x2f, 0x76, 0x32, 0x2f, 0x69, 0x6e, 0x76, 0x69,
	0x74, 0x65, 0x65, 0x2f, 0x6c, 0x69, 0x73, 0x74, 0x12, 0x68, 0x0a, 0x11, 0x43, 0x6c, 0x61, 0x69,
	0x6d, 0x49, 0x6e, 0x76, 0x69, 0x74, 0x65, 0x52, 0x65, 0x77, 0x61, 0x72, 0x64, 0x12, 0x1e, 0x2e,
	0x67, 0x61, 0x6d, 0x65, 0x2e, 0x43, 0x6c, 0x61, 0x69, 0x6d, 0x49, 0x6e, 0x76, 0x69, 0x74, 0x65,
	0x52, 0x65, 0x77, 0x61, 0x72, 0x64, 0x52, 0x65, 0x71, 0x75, 0x65, 0x73, 0x74, 0x1a, 0x16, 0x2e,
	0x67, 0x6f, 0x6f, 0x67, 0x6c, 0x65, 0x2e, 0x70, 0x72, 0x6f, 0x74, 0x6f, 0x62, 0x75, 0x66, 0x2e,
	0x45, 0x6d, 0x70, 0x74, 0x79, 0x22, 0x1b, 0x82, 0xd3, 0xe4, 0x93, 0x02, 0x15, 0x3a, 0x01, 0x2a,
	0x22, 0x10, 0x2f, 0x76, 0x32, 0x2f, 0x69, 0x6e, 0x76, 0x69, 0x74, 0x65, 0x2f, 0x63, 0x6c, 0x61,
	0x69, 0x6d, 0x12, 0x70, 0x0a, 0x0f, 0x43, 0x6c, 0x61, 0x69, 0x6d, 0x42, 0x79, 0x74, 0x65, 0x52,
	0x65, 0x77, 0x61, 0x72, 0x64, 0x12, 0x1c, 0x2e, 0x67, 0x61, 0x6d, 0x65, 0x2e, 0x43, 0x6c, 0x61,
	0x69, 0x6d, 0x42, 0x79, 0x74, 0x65, 0x52, 0x65, 0x77, 0x61, 0x72, 0x64, 0x52, 0x65, 0x71, 0x75,
	0x65, 0x73, 0x74, 0x1a, 0x1d, 0x2e, 0x67, 0x61, 0x6d, 0x65, 0x2e, 0x43, 0x6c, 0x61, 0x69, 0x6d,
	0x42, 0x79, 0x74, 0x65, 0x52, 0x65, 0x77, 0x61, 0x72, 0x64, 0x52, 0x65, 0x73, 0x70, 0x6f, 0x6e,
	0x73, 0x65, 0x22, 0x20, 0x82, 0xd3, 0xe4, 0x93, 0x02, 0x1a, 0x3a, 0x01, 0x2a, 0x22, 0x15, 0x2f,
	0x76, 0x32, 0x2f, 0x62, 0x79, 0x74, 0x65, 0x2f, 0x72, 0x65, 0x77, 0x61, 0x72, 0x64, 0x2f, 0x63,
	0x6c, 0x61, 0x69, 0x6d, 0x12, 0x57, 0x0a, 0x0b, 0x47, 0x65, 0x74, 0x47, 0x61, 0x6d, 0x65, 0x54,
	0x69, 0x6d, 0x65, 0x12, 0x16, 0x2e, 0x67, 0x6f, 0x6f, 0x67, 0x6c, 0x65, 0x2e, 0x70, 0x72, 0x6f,
	0x74, 0x6f, 0x62, 0x75, 0x66, 0x2e, 0x45, 0x6d, 0x70, 0x74, 0x79, 0x1a, 0x19, 0x2e, 0x67, 0x61,
	0x6d, 0x65, 0x2e, 0x47, 0x65, 0x74, 0x47, 0x61, 0x6d, 0x65, 0x54, 0x69, 0x6d, 0x65, 0x52, 0x65,
	0x73, 0x70, 0x6f, 0x6e, 0x73, 0x65, 0x22, 0x15, 0x82, 0xd3, 0xe4, 0x93, 0x02, 0x0f, 0x12, 0x0d,
	0x2f, 0x76, 0x32, 0x2f, 0x67, 0x61, 0x6d, 0x65, 0x2f, 0x74, 0x69, 0x6d, 0x65, 0x12, 0x8f, 0x01,
	0x0a, 0x1a, 0x4c, 0x69, 0x73, 0x74, 0x50, 0x75, 0x62, 0x6c, 0x69, 0x73, 0x68, 0x65, 0x64, 0x41,
	0x6e, 0x6e, 0x6f, 0x75, 0x6e, 0x63, 0x65, 0x6d, 0x65, 0x6e, 0x74, 0x73, 0x12, 0x27, 0x2e, 0x67,
	0x61, 0x6d, 0x65, 0x2e, 0x4c, 0x69, 0x73, 0x74, 0x50, 0x75, 0x62, 0x6c, 0x69, 0x73, 0x68, 0x65,
	0x64, 0x41, 0x6e, 0x6e, 0x6f, 0x75, 0x6e, 0x63, 0x65, 0x6d, 0x65, 0x6e, 0x74, 0x73, 0x52, 0x65,
	0x71, 0x75, 0x65, 0x73, 0x74, 0x1a, 0x28, 0x2e, 0x67, 0x61, 0x6d, 0x65, 0x2e, 0x4c, 0x69, 0x73,
	0x74, 0x50, 0x75, 0x62, 0x6c, 0x69, 0x73, 0x68, 0x65, 0x64, 0x41, 0x6e, 0x6e, 0x6f, 0x75, 0x6e,
	0x63, 0x65, 0x6d, 0x65, 0x6e, 0x74, 0x73, 0x52, 0x65, 0x73, 0x70, 0x6f, 0x6e, 0x73, 0x65, 0x22,
	0x1e, 0x82, 0xd3, 0xe4, 0x93, 0x02, 0x18, 0x12, 0x16, 0x2f, 0x76, 0x32, 0x2f, 0x67, 0x61, 0x6d,
	0x65, 0x2f, 0x61, 0x6e, 0x6e, 0x6f, 0x75, 0x6e, 0x63, 0x65, 0x6d, 0x65, 0x6e, 0x74, 0x73, 0x12,
	0x82, 0x01, 0x0a, 0x15, 0x4d, 0x61, 0x72, 0x6b, 0x4e, 0x6f, 0x74, 0x69, 0x66, 0x69, 0x63, 0x61,
	0x74, 0x69, 0x6f, 0x6e, 0x73, 0x52, 0x65, 0x61, 0x64, 0x12, 0x22, 0x2e, 0x67, 0x61, 0x6d, 0x65,
	0x2e, 0x4d, 0x61, 0x72, 0x6b, 0x4e, 0x6f, 0x74, 0x69, 0x66, 0x69, 0x63, 0x61, 0x74, 0x69, 0x6f,
	0x6e, 0x73, 0x52, 0x65, 0x61, 0x64, 0x52, 0x65, 0x71, 0x75, 0x65, 0x73, 0x74, 0x1a, 0x23, 0x2e,
	0x67, 0x61, 0x6d, 0x65, 0x2e, 0x4d, 0x61, 0x72, 0x6b, 0x4e, 0x6f, 0x74, 0x69, 0x66, 0x69, 0x63,
	0x61, 0x74, 0x69, 0x6f, 0x6e, 0x73, 0x52, 0x65, 0x61, 0x64, 0x52, 0x65, 0x73, 0x70, 0x6f, 0x6e,
	0x73, 0x65, 0x22, 0x20, 0x82, 0xd3, 0xe4, 0x93, 0x02, 0x1a, 0x3a, 0x01, 0x2a, 0x22, 0x15, 0x2f,
	0x76, 0x32, 0x2f, 0x6e, 0x6f, 0x74, 0x69, 0x66, 0x69, 0x63, 0x61, 0x74, 0x69, 0x6f, 0x6e, 0x2f,
	0x72, 0x65, 0x61, 0x64, 0x12, 0x98, 0x01, 0x0a, 0x1c, 0x43, 0x6c, 0x61, 0x69, 0x6d, 0x4e, 0x6f,
	0x74, 0x69, 0x66, 0x69, 0x63, 0x61, 0x74, 0x69, 0x6f, 0x6e, 0x41, 0x74, 0x74, 0x61, 0x63, 0x68,
	0x6d, 0x65, 0x6e, 0x74, 0x73, 0x12, 0x29, 0x2e, 0x67, 0x61, 0x6d, 0x65, 0x2e, 0x43, 0x6c, 0x61,
	0x69, 0x6d, 0x4e, 0x6f, 0x74, 0x69, 0x66, 0x69, 0x63, 0x61, 0x74, 0x69, 0x6f, 0x6e, 0x41, 0x74,
	0x74, 0x61, 0x63, 0x68, 0x6d, 0x65, 0x6e, 0x74, 0x73, 0x52, 0x65, 0x71, 0x75, 0x65, 0x73, 0x74,
	0x1a, 0x2a, 0x2e, 0x67, 0x61, 0x6d, 0x65, 0x2e, 0x43, 0x6c, 0x61, 0x69, 0x6d, 0x4e, 0x6f, 0x74,
	0x69, 0x66, 0x69, 0x63, 0x61, 0x74, 0x69, 0x6f, 0x6e, 0x41, 0x74, 0x74, 0x61, 0x63, 0x68, 0x6d,
	0x65, 0x6e, 0x74, 0x73, 0x52, 0x65, 0x73, 0x70, 0x6f, 0x6e, 0x73, 0x65, 0x22, 0x21, 0x82, 0xd3,
	0xe4, 0x93, 0x02, 0x1b, 0x3a, 0x01, 0x2a, 0x22, 0x16, 0x2f, 0x76, 0x32, 0x2f, 0x6e, 0x6f, 0x74,
	0x69, 0x66, 0x69, 0x63, 0x61, 0x74, 0x69, 0x6f, 0x6e, 0x2f, 0x63, 0x6c, 0x61, 0x69, 0x6d, 0x12,
	0x58, 0x0a, 0x11, 0x47, 0x65, 0x74, 0x43, 0x75, 0x72, 0x72, 0x65, 0x6e, 0x74, 0x53, 0x74, 0x61,
	0x6d, 0x69, 0x6e, 0x61, 0x12, 0x16, 0x2e, 0x67, 0x6f, 0x6f, 0x67, 0x6c, 0x65, 0x2e, 0x70, 0x72,
	0x6f, 0x74, 0x6f, 0x62, 0x75, 0x66, 0x2e, 0x45, 0x6d, 0x70, 0x74, 0x79, 0x1a, 0x11, 0x2e, 0x67,
	0x61, 0x6d, 0x65, 0x2e, 0x53, 0x74, 0x61, 0x6d, 0x69, 0x6e, 0x61, 0x44, 0x61, 0x74, 0x61, 0x22,
	0x18, 0x82, 0xd3, 0xe4, 0x93, 0x02, 0x12, 0x12, 0x10, 0x2f, 0x76, 0x32, 0x2f, 0x67, 0x61, 0x6d,
	0x65, 0x2f, 0x73, 0x74, 0x61, 0x6d, 0x69, 0x6e, 0x61, 0x12, 0x4f, 0x0a, 0x0c, 0x47, 0x65, 0x74,
	0x45, 0x71, 0x75, 0x69, 0x70, 0x44, 0x61, 0x74, 0x61, 0x12, 0x16, 0x2e, 0x67, 0x6f, 0x6f, 0x67,
	0x6c, 0x65, 0x2e, 0x70, 0x72, 0x6f, 0x74, 0x6f, 0x62, 0x75, 0x66, 0x2e, 0x45, 0x6d, 0x70, 0x74,
	0x79, 0x1a, 0x0f, 0x2e, 0x67, 0x61, 0x6d, 0x65, 0x2e, 0x45, 0x71, 0x75, 0x69, 0x70, 0x44, 0x61,
	0x74, 0x61, 0x22, 0x16, 0x82, 0xd3, 0xe4, 0x93, 0x02, 0x10, 0x12, 0x0e, 0x2f, 0x76, 0x32, 0x2f,
	0x67, 0x61, 0x6d, 0x65, 0x2f, 0x65, 0x71, 0x75, 0x69, 0x70, 0x12, 0x6c, 0x0a, 0x0d, 0x4f, 0x70,
	0x65, 0x72, 0x61, 0x74, 0x65, 0x57, 0x61, 0x6c, 0x6c, 0x65, 0x74, 0x12, 0x1a, 0x2e, 0x67, 0x61,
	0x6d, 0x65, 0x2e, 0x4f, 0x70, 0x65, 0x72, 0x61, 0x74, 0x65, 0x57, 0x61, 0x6c, 0x6c, 0x65, 0x74,
	0x52, 0x65, 0x71, 0x75, 0x65, 0x73, 0x74, 0x1a, 0x1b, 0x2e, 0x67, 0x61, 0x6d, 0x65, 0x2e, 0x4f,
	0x70, 0x65, 0x72, 0x61, 0x74, 0x65, 0x57, 0x61, 0x6c, 0x6c, 0x65, 0x74, 0x52, 0x65, 0x73, 0x70,
	0x6f, 0x6e, 0x73, 0x65, 0x22, 0x22, 0x82, 0xd3, 0xe4, 0x93, 0x02, 0x1c, 0x3a, 0x01, 0x2a, 0x22,
	0x17, 0x2f, 0x76, 0x32, 0x2f, 0x67, 0x61, 0x6d, 0x65, 0x2f, 0x77, 0x61, 0x6c, 0x6c, 0x65, 0x74,
	0x2f, 0x6f, 0x70, 0x65, 0x72, 0x61, 0x74, 0x65, 0x12, 0x61, 0x0a, 0x0d, 0x47, 0x65, 0x74, 0x57,
	0x61, 0x6c, 0x6c, 0x65, 0x74, 0x44, 0x61, 0x74, 0x61, 0x12, 0x1a, 0x2e, 0x67, 0x61, 0x6d, 0x65,
	0x2e, 0x47, 0x65, 0x74, 0x57, 0x61, 0x6c, 0x6c, 0x65, 0x74, 0x44, 0x61, 0x74, 0x61, 0x52, 0x65,
	0x71, 0x75, 0x65, 0x73, 0x74, 0x1a, 0x1b, 0x2e, 0x67, 0x61, 0x6d, 0x65, 0x2e, 0x47, 0x65, 0x74,
	0x57, 0x61, 0x6c, 0x6c, 0x65, 0x74, 0x44, 0x61, 0x74, 0x61, 0x52, 0x65, 0x73, 0x70, 0x6f, 0x6e,
	0x73, 0x65, 0x22, 0x17, 0x82, 0xd3, 0xe4, 0x93, 0x02, 0x11, 0x12, 0x0f, 0x2f, 0x76, 0x32, 0x2f,
	0x67, 0x61, 0x6d, 0x65, 0x2f, 0x77, 0x61, 0x6c, 0x6c, 0x65, 0x74, 0x12, 0x78, 0x0a, 0x10, 0x4f,
	0x70, 0x65, 0x72, 0x61, 0x74, 0x65, 0x49, 0x6e, 0x76, 0x65, 0x6e, 0x74, 0x6f, 0x72, 0x79, 0x12,
	0x1d, 0x2e, 0x67, 0x61, 0x6d, 0x65, 0x2e, 0x4f, 0x70, 0x65, 0x72, 0x61, 0x74, 0x65, 0x49, 0x6e,
	0x76, 0x65, 0x6e, 0x74, 0x6f, 0x72, 0x79, 0x52, 0x65, 0x71, 0x75, 0x65, 0x73, 0x74, 0x1a, 0x1e,
	0x2e, 0x67, 0x61, 0x6d, 0x65, 0x2e, 0x4f, 0x70, 0x65, 0x72, 0x61, 0x74, 0x65, 0x49, 0x6e, 0x76,
	0x65, 0x6e, 0x74, 0x6f, 0x72, 0x79, 0x52, 0x65, 0x73, 0x70, 0x6f, 0x6e, 0x73, 0x65, 0x22, 0x25,
	0x82, 0xd3, 0xe4, 0x93, 0x02, 0x1f, 0x3a, 0x01, 0x2a, 0x22, 0x1a, 0x2f, 0x76, 0x32, 0x2f, 0x67,
	0x61, 0x6d, 0x65, 0x2f, 0x69, 0x6e, 0x76, 0x65, 0x6e, 0x74, 0x6f, 0x72, 0x79, 0x2f, 0x6f, 0x70,
	0x65, 0x72, 0x61, 0x74, 0x65, 0x12, 0x6d, 0x0a, 0x10, 0x47, 0x65, 0x74, 0x49, 0x6e, 0x76, 0x65,
	0x6e, 0x74, 0x6f, 0x72, 0x79, 0x44, 0x61, 0x74, 0x61, 0x12, 0x1d, 0x2e, 0x67, 0x61, 0x6d, 0x65,
	0x2e, 0x47, 0x65, 0x74, 0x49, 0x6e, 0x76, 0x65, 0x6e, 0x74, 0x6f, 0x72, 0x79, 0x44, 0x61, 0x74,
	0x61, 0x52, 0x65, 0x71, 0x75, 0x65, 0x73, 0x74, 0x1a, 0x1e, 0x2e, 0x67, 0x61, 0x6d, 0x65, 0x2e,
	0x47, 0x65, 0x74, 0x49, 0x6e, 0x76, 0x65, 0x6e, 0x74, 0x6f, 0x72, 0x79, 0x44, 0x61, 0x74, 0x61,
	0x52, 0x65, 0x73, 0x70, 0x6f, 0x6e, 0x73, 0x65, 0x22, 0x1a, 0x82, 0xd3, 0xe4, 0x93, 0x02, 0x14,
	0x12, 0x12, 0x2f, 0x76, 0x32, 0x2f, 0x67, 0x61, 0x6d, 0x65, 0x2f, 0x69, 0x6e, 0x76, 0x65, 0x6e,
	0x74, 0x6f, 0x72, 0x79, 0x12, 0x4c, 0x0a, 0x0b, 0x47, 0x65, 0x74, 0x53, 0x68, 0x6f, 0x70, 0x44,
	0x61, 0x74, 0x61, 0x12, 0x16, 0x2e, 0x67, 0x6f, 0x6f, 0x67, 0x6c, 0x65, 0x2e, 0x70, 0x72, 0x6f,
	0x74, 0x6f, 0x62, 0x75, 0x66, 0x2e, 0x45, 0x6d, 0x70, 0x74, 0x79, 0x1a, 0x0e, 0x2e, 0x67, 0x61,
	0x6d, 0x65, 0x2e, 0x53, 0x68, 0x6f, 0x70, 0x44, 0x61, 0x74, 0x61, 0x22, 0x15, 0x82, 0xd3, 0xe4,
	0x93, 0x02, 0x0f, 0x12, 0x0d, 0x2f, 0x76, 0x32, 0x2f, 0x67, 0x61, 0x6d, 0x65, 0x2f, 0x73, 0x68,
	0x6f, 0x70, 0x12, 0x60, 0x0a, 0x0b, 0x42, 0x75, 0x79, 0x53, 0x68, 0x6f, 0x70, 0x49, 0x74, 0x65,
	0x6d, 0x12, 0x18, 0x2e, 0x67, 0x61, 0x6d, 0x65, 0x2e, 0x42, 0x75, 0x79, 0x53, 0x68, 0x6f, 0x70,
	0x49, 0x74, 0x65, 0x6d, 0x52, 0x65, 0x71, 0x75, 0x65, 0x73, 0x74, 0x1a, 0x19, 0x2e, 0x67, 0x61,
	0x6d, 0x65, 0x2e, 0x42, 0x75, 0x79, 0x53, 0x68, 0x6f, 0x70, 0x49, 0x74, 0x65, 0x6d, 0x52, 0x65,
	0x73, 0x70, 0x6f, 0x6e, 0x73, 0x65, 0x22, 0x1c, 0x82, 0xd3, 0xe4, 0x93, 0x02, 0x16, 0x3a, 0x01,
	0x2a, 0x22, 0x11, 0x2f, 0x76, 0x32, 0x2f, 0x67, 0x61, 0x6d, 0x65, 0x2f, 0x73, 0x68, 0x6f, 0x70,
	0x2f, 0x62, 0x75, 0x79, 0x12, 0x64, 0x0a, 0x0b, 0x52, 0x65, 0x66, 0x72, 0x65, 0x73, 0x68, 0x53,
	0x68, 0x6f, 0x70, 0x12, 0x18, 0x2e, 0x67, 0x61, 0x6d, 0x65, 0x2e, 0x52, 0x65, 0x66, 0x72, 0x65,
	0x73, 0x68, 0x53, 0x68, 0x6f, 0x70, 0x52, 0x65, 0x71, 0x75, 0x65, 0x73, 0x74, 0x1a, 0x19, 0x2e,
	0x67, 0x61, 0x6d, 0x65, 0x2e, 0x52, 0x65, 0x66, 0x72, 0x65, 0x73, 0x68, 0x53, 0x68, 0x6f, 0x70,
	0x52, 0x65, 0x73, 0x70, 0x6f, 0x6e, 0x73, 0x65, 0x22, 0x20, 0x82, 0xd3, 0xe4, 0x93, 0x02, 0x1a,
	0x3a, 0x01, 0x2a, 0x22, 0x15, 0x2f, 0x76, 0x32, 0x2f, 0x67, 0x61, 0x6d, 0x65, 0x2f, 0x73, 0x68,
	0x6f, 0x70, 0x2f, 0x72, 0x65, 0x66, 0x72, 0x65, 0x73, 0x68, 0x12, 0x52, 0x0a, 0x0a, 0x47, 0x65,
	0x74, 0x42, 0x6f, 0x78, 0x53, 0x68, 0x6f, 0x70, 0x12, 0x16, 0x2e, 0x67, 0x6f, 0x6f, 0x67, 0x6c,
	0x65, 0x2e, 0x70, 0x72, 0x6f, 0x74, 0x6f, 0x62, 0x75, 0x66, 0x2e, 0x45, 0x6d, 0x70, 0x74, 0x79,
	0x1a, 0x11, 0x2e, 0x67, 0x61, 0x6d, 0x65, 0x2e, 0x42, 0x6f, 0x78, 0x53, 0x68, 0x6f, 0x70, 0x44,
	0x61, 0x74, 0x61, 0x22, 0x19, 0x82, 0xd3, 0xe4, 0x93, 0x02, 0x13, 0x12, 0x11, 0x2f, 0x76, 0x32,
	0x2f, 0x67, 0x61, 0x6d, 0x65, 0x2f, 0x73, 0x68, 0x6f, 0x70, 0x2f, 0x62, 0x6f, 0x78, 0x12, 0x61,
	0x0a, 0x0a, 0x42, 0x75, 0x79, 0x42, 0x6f, 0x78, 0x49, 0x74, 0x65, 0x6d, 0x12, 0x17, 0x2e, 0x67,
	0x61, 0x6d, 0x65, 0x2e, 0x42, 0x75, 0x79, 0x42, 0x6f, 0x78, 0x49, 0x74, 0x65, 0x6d, 0x52, 0x65,
	0x71, 0x75, 0x65, 0x73, 0x74, 0x1a, 0x18, 0x2e, 0x67, 0x61, 0x6d, 0x65, 0x2e, 0x42, 0x75, 0x79,
	0x42, 0x6f, 0x78, 0x49, 0x74, 0x65, 0x6d, 0x52, 0x65, 0x73, 0x70, 0x6f, 0x6e, 0x73, 0x65, 0x22,
	0x20, 0x82, 0xd3, 0xe4, 0x93, 0x02, 0x1a, 0x3a, 0x01, 0x2a, 0x22, 0x15, 0x2f, 0x76, 0x32, 0x2f,
	0x67, 0x61, 0x6d, 0x65, 0x2f, 0x73, 0x68, 0x6f, 0x70, 0x2f, 0x62, 0x6f, 0x78, 0x2f, 0x62, 0x75,
	0x79, 0x12, 0x5e, 0x0a, 0x0e, 0x47, 0x65, 0x74, 0x43, 0x68, 0x61, 0x70, 0x74, 0x65, 0x72, 0x53,
	0x68, 0x6f, 0x70, 0x12, 0x16, 0x2e, 0x67, 0x6f, 0x6f, 0x67, 0x6c, 0x65, 0x2e, 0x70, 0x72, 0x6f,
	0x74, 0x6f, 0x62, 0x75, 0x66, 0x2e, 0x45, 0x6d, 0x70, 0x74, 0x79, 0x1a, 0x15, 0x2e, 0x67, 0x61,
	0x6d, 0x65, 0x2e, 0x43, 0x68, 0x61, 0x70, 0x74, 0x65, 0x72, 0x53, 0x68, 0x6f, 0x70, 0x44, 0x61,
	0x74, 0x61, 0x22, 0x1d, 0x82, 0xd3, 0xe4, 0x93, 0x02, 0x17, 0x12, 0x15, 0x2f, 0x76, 0x32, 0x2f,
	0x67, 0x61, 0x6d, 0x65, 0x2f, 0x73, 0x68, 0x6f, 0x70, 0x2f, 0x63, 0x68, 0x61, 0x70, 0x74, 0x65,
	0x72, 0x12, 0x79, 0x0a, 0x10, 0x43, 0x6c, 0x61, 0x69, 0x6d, 0x43, 0x68, 0x61, 0x70, 0x74, 0x65,
	0x72, 0x49, 0x74, 0x65, 0x6d, 0x12, 0x1d, 0x2e, 0x67, 0x61, 0x6d, 0x65, 0x2e, 0x43, 0x6c, 0x61,
	0x69, 0x6d, 0x43, 0x68, 0x61, 0x70, 0x74, 0x65, 0x72, 0x49, 0x74, 0x65, 0x6d, 0x52, 0x65, 0x71,
	0x75, 0x65, 0x73, 0x74, 0x1a, 0x1e, 0x2e, 0x67, 0x61, 0x6d, 0x65, 0x2e, 0x43, 0x6c, 0x61, 0x69,
	0x6d, 0x43, 0x68, 0x61, 0x70, 0x74, 0x65, 0x72, 0x49, 0x74, 0x65, 0x6d, 0x52, 0x65, 0x73, 0x70,
	0x6f, 0x6e, 0x73, 0x65, 0x22, 0x26, 0x82, 0xd3, 0xe4, 0x93, 0x02, 0x20, 0x3a, 0x01, 0x2a, 0x22,
	0x1b, 0x2f, 0x76, 0x32, 0x2f, 0x67, 0x61, 0x6d, 0x65, 0x2f, 0x73, 0x68, 0x6f, 0x70, 0x2f, 0x63,
	0x68, 0x61, 0x70, 0x74, 0x65, 0x72, 0x2f, 0x63, 0x6c, 0x61, 0x69, 0x6d, 0x12, 0x52, 0x0a, 0x0a,
	0x47, 0x65, 0x74, 0x47, 0x65, 0x6d, 0x53, 0x68, 0x6f, 0x70, 0x12, 0x16, 0x2e, 0x67, 0x6f, 0x6f,
	0x67, 0x6c, 0x65, 0x2e, 0x70, 0x72, 0x6f, 0x74, 0x6f, 0x62, 0x75, 0x66, 0x2e, 0x45, 0x6d, 0x70,
	0x74, 0x79, 0x1a, 0x11, 0x2e, 0x67, 0x61, 0x6d, 0x65, 0x2e, 0x47, 0x65, 0x6d, 0x53, 0x68, 0x6f,
	0x70, 0x44, 0x61, 0x74, 0x61, 0x22, 0x19, 0x82, 0xd3, 0xe4, 0x93, 0x02, 0x13, 0x12, 0x11, 0x2f,
	0x76, 0x32, 0x2f, 0x67, 0x61, 0x6d, 0x65, 0x2f, 0x73, 0x68, 0x6f, 0x70, 0x2f, 0x67, 0x65, 0x6d,
	0x12, 0x69, 0x0a, 0x0c, 0x43, 0x6c, 0x61, 0x69, 0x6d, 0x47, 0x65, 0x6d, 0x49, 0x74, 0x65, 0x6d,
	0x12, 0x19, 0x2e, 0x67, 0x61, 0x6d, 0x65, 0x2e, 0x43, 0x6c, 0x61, 0x69, 0x6d, 0x47, 0x65, 0x6d,
	0x49, 0x74, 0x65, 0x6d, 0x52, 0x65, 0x71, 0x75, 0x65, 0x73, 0x74, 0x1a, 0x1a, 0x2e, 0x67, 0x61,
	0x6d, 0x65, 0x2e, 0x43, 0x6c, 0x61, 0x69, 0x6d, 0x47, 0x65, 0x6d, 0x49, 0x74, 0x65, 0x6d, 0x52,
	0x65, 0x73, 0x70, 0x6f, 0x6e, 0x73, 0x65, 0x22, 0x22, 0x82, 0xd3, 0xe4, 0x93, 0x02, 0x1c, 0x3a,
	0x01, 0x2a, 0x22, 0x17, 0x2f, 0x76, 0x32, 0x2f, 0x67, 0x61, 0x6d, 0x65, 0x2f, 0x73, 0x68, 0x6f,
	0x70, 0x2f, 0x67, 0x65, 0x6d, 0x2f, 0x63, 0x6c, 0x61, 0x69, 0x6d, 0x12, 0x5c, 0x0a, 0x09, 0x45,
	0x6e, 0x64, 0x42, 0x61, 0x74, 0x74, 0x6c, 0x65, 0x12, 0x16, 0x2e, 0x67, 0x61, 0x6d, 0x65, 0x2e,
	0x45, 0x6e, 0x64, 0x42, 0x61, 0x74, 0x74, 0x6c, 0x65, 0x52, 0x65, 0x71, 0x75, 0x65, 0x73, 0x74,
	0x1a, 0x17, 0x2e, 0x67, 0x61, 0x6d, 0x65, 0x2e, 0x45, 0x6e, 0x64, 0x42, 0x61, 0x74, 0x74, 0x6c,
	0x65, 0x52, 0x65, 0x73, 0x70, 0x6f, 0x6e, 0x73, 0x65, 0x22, 0x1e, 0x82, 0xd3, 0xe4, 0x93, 0x02,
	0x18, 0x3a, 0x01, 0x2a, 0x22, 0x13, 0x2f, 0x76, 0x32, 0x2f, 0x67, 0x61, 0x6d, 0x65, 0x2f, 0x62,
	0x61, 0x74, 0x74, 0x6c, 0x65, 0x2f, 0x65, 0x6e, 0x64, 0x12, 0x92, 0x01, 0x0a, 0x18, 0x43, 0x6c,
	0x61, 0x69, 0x6d, 0x42, 0x61, 0x74, 0x74, 0x6c, 0x65, 0x52, 0x65, 0x77, 0x61, 0x72, 0x64, 0x42,
	0x79, 0x53, 0x68, 0x61, 0x72, 0x65, 0x12, 0x25, 0x2e, 0x67, 0x61, 0x6d, 0x65, 0x2e, 0x43, 0x6c,
	0x61, 0x69, 0x6d, 0x42, 0x61, 0x74, 0x74, 0x6c, 0x65, 0x52, 0x65, 0x77, 0x61, 0x72, 0x64, 0x42,
	0x79, 0x53, 0x68, 0x61, 0x72, 0x65, 0x52, 0x65, 0x71, 0x75, 0x65, 0x73, 0x74, 0x1a, 0x26, 0x2e,
	0x67, 0x61, 0x6d, 0x65, 0x2e, 0x43, 0x6c, 0x61, 0x69, 0x6d, 0x42, 0x61, 0x74, 0x74, 0x6c, 0x65,
	0x52, 0x65, 0x77, 0x61, 0x72, 0x64, 0x42, 0x79, 0x53, 0x68, 0x61, 0x72, 0x65, 0x52, 0x65, 0x73,
	0x70, 0x6f, 0x6e, 0x73, 0x65, 0x22, 0x27, 0x82, 0xd3, 0xe4, 0x93, 0x02, 0x21, 0x3a, 0x01, 0x2a,
	0x22, 0x1c, 0x2f, 0x76, 0x32, 0x2f, 0x67, 0x61, 0x6d, 0x65, 0x2f, 0x62, 0x61, 0x74, 0x74, 0x6c,
	0x65, 0x2f, 0x72, 0x65, 0x77, 0x61, 0x72, 0x64, 0x2f, 0x73, 0x68, 0x61, 0x72, 0x65, 0x12, 0x7a,
	0x0a, 0x12, 0x43, 0x6c, 0x61, 0x69, 0x6d, 0x4d, 0x6f, 0x70, 0x70, 0x69, 0x6e, 0x67, 0x52, 0x65,
	0x77, 0x61, 0x72, 0x64, 0x12, 0x1f, 0x2e, 0x67, 0x61, 0x6d, 0x65, 0x2e, 0x43, 0x6c, 0x61, 0x69,
	0x6d, 0x4d, 0x6f, 0x70, 0x70, 0x69, 0x6e, 0x67, 0x52, 0x65, 0x77, 0x61, 0x72, 0x64, 0x52, 0x65,
	0x71, 0x75, 0x65, 0x73, 0x74, 0x1a, 0x20, 0x2e, 0x67, 0x61, 0x6d, 0x65, 0x2e, 0x43, 0x6c, 0x61,
	0x69, 0x6d, 0x4d, 0x6f, 0x70, 0x70, 0x69, 0x6e, 0x67, 0x52, 0x65, 0x77, 0x61, 0x72, 0x64, 0x52,
	0x65, 0x73, 0x70, 0x6f, 0x6e, 0x73, 0x65, 0x22, 0x21, 0x82, 0xd3, 0xe4, 0x93, 0x02, 0x1b, 0x3a,
	0x01, 0x2a, 0x22, 0x16, 0x2f, 0x76, 0x32, 0x2f, 0x67, 0x61, 0x6d, 0x65, 0x2f, 0x6d, 0x6f, 0x70,
	0x70, 0x69, 0x6e, 0x67, 0x2f, 0x63, 0x6c, 0x61, 0x69, 0x6d, 0x12, 0x76, 0x0a, 0x11, 0x43, 0x6c,
	0x61, 0x69, 0x6d, 0x4f, 0x6e, 0x48, 0x6f, 0x6f, 0x6b, 0x52, 0x65, 0x77, 0x61, 0x72, 0x64, 0x12,
	0x1e, 0x2e, 0x67, 0x61, 0x6d, 0x65, 0x2e, 0x43, 0x6c, 0x61, 0x69, 0x6d, 0x4f, 0x6e, 0x48, 0x6f,
	0x6f, 0x6b, 0x52, 0x65, 0x77, 0x61, 0x72, 0x64, 0x52, 0x65, 0x71, 0x75, 0x65, 0x73, 0x74, 0x1a,
	0x1f, 0x2e, 0x67, 0x61, 0x6d, 0x65, 0x2e, 0x43, 0x6c, 0x61, 0x69, 0x6d, 0x4f, 0x6e, 0x48, 0x6f,
	0x6f, 0x6b, 0x52, 0x65, 0x77, 0x61, 0x72, 0x64, 0x52, 0x65, 0x73, 0x70, 0x6f, 0x6e, 0x73, 0x65,
	0x22, 0x20, 0x82, 0xd3, 0xe4, 0x93, 0x02, 0x1a, 0x3a, 0x01, 0x2a, 0x22, 0x15, 0x2f, 0x76, 0x32,
	0x2f, 0x67, 0x61, 0x6d, 0x65, 0x2f, 0x6f, 0x6e, 0x68, 0x6f, 0x6f, 0x6b, 0x2f, 0x63, 0x6c, 0x61,
	0x69, 0x6d, 0x12, 0x68, 0x0a, 0x0c, 0x55, 0x70, 0x67, 0x72, 0x61, 0x64, 0x65, 0x45, 0x71, 0x75,
	0x69, 0x70, 0x12, 0x19, 0x2e, 0x67, 0x61, 0x6d, 0x65, 0x2e, 0x55, 0x70, 0x67, 0x72, 0x61, 0x64,
	0x65, 0x45, 0x71, 0x75, 0x69, 0x70, 0x52, 0x65, 0x71, 0x75, 0x65, 0x73, 0x74, 0x1a, 0x1a, 0x2e,
	0x67, 0x61, 0x6d, 0x65, 0x2e, 0x55, 0x70, 0x67, 0x72, 0x61, 0x64, 0x65, 0x45, 0x71, 0x75, 0x69,
	0x70, 0x52, 0x65, 0x73, 0x70, 0x6f, 0x6e, 0x73, 0x65, 0x22, 0x21, 0x82, 0xd3, 0xe4, 0x93, 0x02,
	0x1b, 0x3a, 0x01, 0x2a, 0x22, 0x16, 0x2f, 0x76, 0x32, 0x2f, 0x67, 0x61, 0x6d, 0x65, 0x2f, 0x65,
	0x71, 0x75, 0x69, 0x70, 0x2f, 0x75, 0x70, 0x67, 0x72, 0x61, 0x64, 0x65, 0x12, 0x86, 0x01, 0x0a,
	0x12, 0x55, 0x70, 0x67, 0x72, 0x61, 0x64, 0x65, 0x43, 0x72, 0x79, 0x73, 0x74, 0x61, 0x6c, 0x54,
	0x65, 0x63, 0x68, 0x12, 0x1f, 0x2e, 0x67, 0x61, 0x6d, 0x65, 0x2e, 0x55, 0x70, 0x67, 0x72, 0x61,
	0x64, 0x65, 0x43, 0x72, 0x79, 0x73, 0x74, 0x61, 0x6c, 0x54, 0x65, 0x63, 0x68, 0x52, 0x65, 0x71,
	0x75, 0x65, 0x73, 0x74, 0x1a, 0x20, 0x2e, 0x67, 0x61, 0x6d, 0x65, 0x2e, 0x55, 0x70, 0x67, 0x72,
	0x61, 0x64, 0x65, 0x43, 0x72, 0x79, 0x73, 0x74, 0x61, 0x6c, 0x54, 0x65, 0x63, 0x68, 0x52, 0x65,
	0x73, 0x70, 0x6f, 0x6e, 0x73, 0x65, 0x22, 0x2d, 0x82, 0xd3, 0xe4, 0x93, 0x02, 0x27, 0x3a, 0x01,
	0x2a, 0x22, 0x22, 0x2f, 0x76, 0x32, 0x2f, 0x67, 0x61, 0x6d, 0x65, 0x2f, 0x65, 0x71, 0x75, 0x69,
	0x70, 0x2f, 0x63, 0x72, 0x79, 0x73, 0x74, 0x61, 0x6c, 0x74, 0x65, 0x63, 0x68, 0x2f, 0x75, 0x70,
	0x67, 0x72, 0x61, 0x64, 0x65, 0x12, 0x6d, 0x0a, 0x0d, 0x43, 0x6c, 0x61, 0x69, 0x6d, 0x4c, 0x65,
	0x76, 0x65, 0x6c, 0x42, 0x6f, 0x78, 0x12, 0x1a, 0x2e, 0x67, 0x61, 0x6d, 0x65, 0x2e, 0x43, 0x6c,
	0x61, 0x69, 0x6d, 0x4c, 0x65, 0x76, 0x65, 0x6c, 0x42, 0x6f, 0x78, 0x52, 0x65, 0x71, 0x75, 0x65,
	0x73, 0x74, 0x1a, 0x1b, 0x2e, 0x67, 0x61, 0x6d, 0x65, 0x2e, 0x43, 0x6c, 0x61, 0x69, 0x6d, 0x4c,
	0x65, 0x76, 0x65, 0x6c, 0x42, 0x6f, 0x78, 0x52, 0x65, 0x73, 0x70, 0x6f, 0x6e, 0x73, 0x65, 0x22,
	0x23, 0x82, 0xd3, 0xe4, 0x93, 0x02, 0x1d, 0x3a, 0x01, 0x2a, 0x22, 0x18, 0x2f, 0x76, 0x32, 0x2f,
	0x67, 0x61, 0x6d, 0x65, 0x2f, 0x6c, 0x65, 0x76, 0x65, 0x6c, 0x2f, 0x62, 0x6f, 0x78, 0x2f, 0x63,
	0x6c, 0x61, 0x69, 0x6d, 0x12, 0x76, 0x0a, 0x11, 0x43, 0x6c, 0x61, 0x69, 0x6d, 0x53, 0x69, 0x67,
	0x6e, 0x49, 0x6e, 0x52, 0x65, 0x77, 0x61, 0x72, 0x64, 0x12, 0x1e, 0x2e, 0x67, 0x61, 0x6d, 0x65,
	0x2e, 0x43, 0x6c, 0x61, 0x69, 0x6d, 0x53, 0x69, 0x67, 0x6e, 0x49, 0x6e, 0x52, 0x65, 0x77, 0x61,
	0x72, 0x64, 0x52, 0x65, 0x71, 0x75, 0x65, 0x73, 0x74, 0x1a, 0x1f, 0x2e, 0x67, 0x61, 0x6d, 0x65,
	0x2e, 0x43, 0x6c, 0x61, 0x69, 0x6d, 0x53, 0x69, 0x67, 0x6e, 0x49, 0x6e, 0x52, 0x65, 0x77, 0x61,
	0x72, 0x64, 0x52, 0x65, 0x73, 0x70, 0x6f, 0x6e, 0x73, 0x65, 0x22, 0x20, 0x82, 0xd3, 0xe4, 0x93,
	0x02, 0x1a, 0x3a, 0x01, 0x2a, 0x22, 0x15, 0x2f, 0x76, 0x32, 0x2f, 0x67, 0x61, 0x6d, 0x65, 0x2f,
	0x73, 0x69, 0x67, 0x6e, 0x69, 0x6e, 0x2f, 0x63, 0x6c, 0x61, 0x69, 0x6d, 0x12, 0x61, 0x0a, 0x0f,
	0x47, 0x65, 0x74, 0x53, 0x69, 0x67, 0x6e, 0x49, 0x6e, 0x52, 0x65, 0x77, 0x61, 0x72, 0x64, 0x12,
	0x16, 0x2e, 0x67, 0x6f, 0x6f, 0x67, 0x6c, 0x65, 0x2e, 0x70, 0x72, 0x6f, 0x74, 0x6f, 0x62, 0x75,
	0x66, 0x2e, 0x45, 0x6d, 0x70, 0x74, 0x79, 0x1a, 0x1d, 0x2e, 0x67, 0x61, 0x6d, 0x65, 0x2e, 0x47,
	0x65, 0x74, 0x53, 0x69, 0x67, 0x6e, 0x49, 0x6e, 0x52, 0x65, 0x77, 0x61, 0x72, 0x64, 0x52, 0x65,
	0x73, 0x70, 0x6f, 0x6e, 0x73, 0x65, 0x22, 0x17, 0x82, 0xd3, 0xe4, 0x93, 0x02, 0x11, 0x12, 0x0f,
	0x2f, 0x76, 0x32, 0x2f, 0x67, 0x61, 0x6d, 0x65, 0x2f, 0x73, 0x69, 0x67, 0x6e, 0x69, 0x6e, 0x12,
	0x82, 0x01, 0x0a, 0x14, 0x47, 0x65, 0x74, 0x46, 0x69, 0x72, 0x73, 0x74, 0x43, 0x68, 0x61, 0x72,
	0x67, 0x65, 0x53, 0x74, 0x61, 0x74, 0x75, 0x73, 0x12, 0x21, 0x2e, 0x67, 0x61, 0x6d, 0x65, 0x2e,
	0x47, 0x65, 0x74, 0x46, 0x69, 0x72, 0x73, 0x74, 0x43, 0x68, 0x61, 0x72, 0x67, 0x65, 0x53, 0x74,
	0x61, 0x74, 0x75, 0x73, 0x52, 0x65, 0x71, 0x75, 0x65, 0x73, 0x74, 0x1a, 0x22, 0x2e, 0x67, 0x61,
	0x6d, 0x65, 0x2e, 0x47, 0x65, 0x74, 0x46, 0x69, 0x72, 0x73, 0x74, 0x43, 0x68, 0x61, 0x72, 0x67,
	0x65, 0x53, 0x74, 0x61, 0x74, 0x75, 0x73, 0x52, 0x65, 0x73, 0x70, 0x6f, 0x6e, 0x73, 0x65, 0x22,
	0x23, 0x82, 0xd3, 0xe4, 0x93, 0x02, 0x1d, 0x12, 0x1b, 0x2f, 0x76, 0x32, 0x2f, 0x67, 0x61, 0x6d,
	0x65, 0x2f, 0x66, 0x69, 0x72, 0x73, 0x74, 0x63, 0x68, 0x61, 0x72, 0x67, 0x65, 0x2f, 0x73, 0x74,
	0x61, 0x74, 0x75, 0x73, 0x12, 0x8a, 0x01, 0x0a, 0x16, 0x43, 0x6c, 0x61, 0x69, 0x6d, 0x46, 0x69,
	0x72, 0x73, 0x74, 0x43, 0x68, 0x61, 0x72, 0x67, 0x65, 0x52, 0x65, 0x77, 0x61, 0x72, 0x64, 0x12,
	0x23, 0x2e, 0x67, 0x61, 0x6d, 0x65, 0x2e, 0x43, 0x6c, 0x61, 0x69, 0x6d, 0x46, 0x69, 0x72, 0x73,
	0x74, 0x43, 0x68, 0x61, 0x72, 0x67, 0x65, 0x52, 0x65, 0x77, 0x61, 0x72, 0x64, 0x52, 0x65, 0x71,
	0x75, 0x65, 0x73, 0x74, 0x1a, 0x24, 0x2e, 0x67, 0x61, 0x6d, 0x65, 0x2e, 0x43, 0x6c, 0x61, 0x69,
	0x6d, 0x46, 0x69, 0x72, 0x73, 0x74, 0x43, 0x68, 0x61, 0x72, 0x67, 0x65, 0x52, 0x65, 0x77, 0x61,
	0x72, 0x64, 0x52, 0x65, 0x73, 0x70, 0x6f, 0x6e, 0x73, 0x65, 0x22, 0x25, 0x82, 0xd3, 0xe4, 0x93,
	0x02, 0x1f, 0x3a, 0x01, 0x2a, 0x22, 0x1a, 0x2f, 0x76, 0x32, 0x2f, 0x67, 0x61, 0x6d, 0x65, 0x2f,
	0x66, 0x69, 0x72, 0x73, 0x74, 0x63, 0x68, 0x61, 0x72, 0x67, 0x65, 0x2f, 0x63, 0x6c, 0x61, 0x69,
	0x6d, 0x12, 0x4d, 0x0a, 0x07, 0x47, 0x65, 0x74, 0x54, 0x61, 0x73, 0x6b, 0x12, 0x14, 0x2e, 0x67,
	0x61, 0x6d, 0x65, 0x2e, 0x47, 0x65, 0x74, 0x54, 0x61, 0x73, 0x6b, 0x52, 0x65, 0x71, 0x75, 0x65,
	0x73, 0x74, 0x1a, 0x15, 0x2e, 0x67, 0x61, 0x6d, 0x65, 0x2e, 0x47, 0x65, 0x74, 0x54, 0x61, 0x73,
	0x6b, 0x52, 0x65, 0x73, 0x70, 0x6f, 0x6e, 0x73, 0x65, 0x22, 0x15, 0x82, 0xd3, 0xe4, 0x93, 0x02,
	0x0f, 0x12, 0x0d, 0x2f, 0x76, 0x32, 0x2f, 0x67, 0x61, 0x6d, 0x65, 0x2f, 0x74, 0x61, 0x73, 0x6b,
	0x12, 0x6e, 0x0a, 0x0f, 0x43, 0x6c, 0x61, 0x69, 0x6d, 0x54, 0x61, 0x73, 0x6b, 0x52, 0x65, 0x77,
	0x61, 0x72, 0x64, 0x12, 0x1c, 0x2e, 0x67, 0x61, 0x6d, 0x65, 0x2e, 0x43, 0x6c, 0x61, 0x69, 0x6d,
	0x54, 0x61, 0x73, 0x6b, 0x52, 0x65, 0x77, 0x61, 0x72, 0x64, 0x52, 0x65, 0x71, 0x75, 0x65, 0x73,
	0x74, 0x1a, 0x1d, 0x2e, 0x67, 0x61, 0x6d, 0x65, 0x2e, 0x43, 0x6c, 0x61, 0x69, 0x6d, 0x54, 0x61,
	0x73, 0x6b, 0x52, 0x65, 0x77, 0x61, 0x72, 0x64, 0x52, 0x65, 0x73, 0x70, 0x6f, 0x6e, 0x73, 0x65,
	0x22, 0x1e, 0x82, 0xd3, 0xe4, 0x93, 0x02, 0x18, 0x3a, 0x01, 0x2a, 0x22, 0x13, 0x2f, 0x76, 0x32,
	0x2f, 0x67, 0x61, 0x6d, 0x65, 0x2f, 0x74, 0x61, 0x73, 0x6b, 0x2f, 0x63, 0x6c, 0x61, 0x69, 0x6d,
	0x12, 0x83, 0x01, 0x0a, 0x13, 0x43, 0x6c, 0x61, 0x69, 0x6d, 0x4c, 0x69, 0x76, 0x65, 0x6e, 0x65,
	0x73, 0x73, 0x52, 0x65, 0x77, 0x61, 0x72, 0x64, 0x12, 0x20, 0x2e, 0x67, 0x61, 0x6d, 0x65, 0x2e,
	0x43, 0x6c, 0x61, 0x69, 0x6d, 0x4c, 0x69, 0x76, 0x65, 0x6e, 0x65, 0x73, 0x73, 0x52, 0x65, 0x77,
	0x61, 0x72, 0x64, 0x52, 0x65, 0x71, 0x75, 0x65, 0x73, 0x74, 0x1a, 0x21, 0x2e, 0x67, 0x61, 0x6d,
	0x65, 0x2e, 0x43, 0x6c, 0x61, 0x69, 0x6d, 0x4c, 0x69, 0x76, 0x65, 0x6e, 0x65, 0x73, 0x73, 0x52,
	0x65, 0x77, 0x61, 0x72, 0x64, 0x52, 0x65, 0x73, 0x70, 0x6f, 0x6e, 0x73, 0x65, 0x22, 0x27, 0x82,
	0xd3, 0xe4, 0x93, 0x02, 0x21, 0x3a, 0x01, 0x2a, 0x22, 0x1c, 0x2f, 0x76, 0x32, 0x2f, 0x67, 0x61,
	0x6d, 0x65, 0x2f, 0x74, 0x61, 0x73, 0x6b, 0x2f, 0x6c, 0x69, 0x76, 0x65, 0x6e, 0x65, 0x73, 0x73,
	0x2f, 0x63, 0x6c, 0x61, 0x69, 0x6d, 0x12, 0x6f, 0x0a, 0x0e, 0x43, 0x6c, 0x61, 0x69, 0x6d, 0x56,
	0x69, 0x70, 0x52, 0x65, 0x77, 0x61, 0x72, 0x64, 0x12, 0x1b, 0x2e, 0x67, 0x61, 0x6d, 0x65, 0x2e,
	0x43, 0x6c, 0x61, 0x69, 0x6d, 0x56, 0x69, 0x70, 0x52, 0x65, 0x77, 0x61, 0x72, 0x64, 0x52, 0x65,
	0x71, 0x75, 0x65, 0x73, 0x74, 0x1a, 0x1c, 0x2e, 0x67, 0x61, 0x6d, 0x65, 0x2e, 0x43, 0x6c, 0x61,
	0x69, 0x6d, 0x56, 0x69, 0x70, 0x52, 0x65, 0x77, 0x61, 0x72, 0x64, 0x52, 0x65, 0x73, 0x70, 0x6f,
	0x6e, 0x73, 0x65, 0x22, 0x22, 0x82, 0xd3, 0xe4, 0x93, 0x02, 0x1c, 0x3a, 0x01, 0x2a, 0x22, 0x17,
	0x2f, 0x76, 0x32, 0x2f, 0x67, 0x61, 0x6d, 0x65, 0x2f, 0x61, 0x63, 0x74, 0x69, 0x76, 0x69, 0x74,
	0x79, 0x2f, 0x63, 0x6c, 0x61, 0x69, 0x6d, 0x12, 0x68, 0x0a, 0x0e, 0x43, 0x68, 0x65, 0x63, 0x6b,
	0x56, 0x69, 0x70, 0x53, 0x74, 0x61, 0x74, 0x75, 0x73, 0x12, 0x16, 0x2e, 0x67, 0x6f, 0x6f, 0x67,
	0x6c, 0x65, 0x2e, 0x70, 0x72, 0x6f, 0x74, 0x6f, 0x62, 0x75, 0x66, 0x2e, 0x45, 0x6d, 0x70, 0x74,
	0x79, 0x1a, 0x1c, 0x2e, 0x67, 0x61, 0x6d, 0x65, 0x2e, 0x43, 0x68, 0x65, 0x63, 0x6b, 0x56, 0x69,
	0x70, 0x53, 0x74, 0x61, 0x74, 0x75, 0x73, 0x52, 0x65, 0x73, 0x70, 0x6f, 0x6e, 0x73, 0x65, 0x22,
	0x20, 0x82, 0xd3, 0xe4, 0x93, 0x02, 0x1a, 0x12, 0x18, 0x2f, 0x76, 0x32, 0x2f, 0x67, 0x61, 0x6d,
	0x65, 0x2f, 0x61, 0x63, 0x74, 0x69, 0x76, 0x69, 0x74, 0x79, 0x2f, 0x73, 0x74, 0x61, 0x74, 0x75,
	0x73, 0x12, 0x76, 0x0a, 0x11, 0x47, 0x65, 0x74, 0x53, 0x65, 0x76, 0x65, 0x6e, 0x44, 0x61, 0x79,
	0x53, 0x74, 0x61, 0x74, 0x75, 0x73, 0x12, 0x1e, 0x2e, 0x67, 0x61, 0x6d, 0x65, 0x2e, 0x47, 0x65,
	0x74, 0x53, 0x65, 0x76, 0x65, 0x6e, 0x44, 0x61, 0x79, 0x53, 0x74, 0x61, 0x74, 0x75, 0x73, 0x52,
	0x65, 0x71, 0x75, 0x65, 0x73, 0x74, 0x1a, 0x1f, 0x2e, 0x67, 0x61, 0x6d, 0x65, 0x2e, 0x47, 0x65,
	0x74, 0x53, 0x65, 0x76, 0x65, 0x6e, 0x44, 0x61, 0x79, 0x53, 0x74, 0x61, 0x74, 0x75, 0x73, 0x52,
	0x65, 0x73, 0x70, 0x6f, 0x6e, 0x73, 0x65, 0x22, 0x20, 0x82, 0xd3, 0xe4, 0x93, 0x02, 0x1a, 0x12,
	0x18, 0x2f, 0x76, 0x32, 0x2f, 0x67, 0x61, 0x6d, 0x65, 0x2f, 0x73, 0x65, 0x76, 0x65, 0x6e, 0x64,
	0x61, 0x79, 0x2f, 0x73, 0x74, 0x61, 0x74, 0x75, 0x73, 0x12, 0x7e, 0x0a, 0x13, 0x43, 0x6c, 0x61,
	0x69, 0x6d, 0x53, 0x65, 0x76, 0x65, 0x6e, 0x44, 0x61, 0x79, 0x52, 0x65, 0x77, 0x61, 0x72, 0x64,
	0x12, 0x20, 0x2e, 0x67, 0x61, 0x6d, 0x65, 0x2e, 0x43, 0x6c, 0x61, 0x69, 0x6d, 0x53, 0x65, 0x76,
	0x65, 0x6e, 0x44, 0x61, 0x79, 0x52, 0x65, 0x77, 0x61, 0x72, 0x64, 0x52, 0x65, 0x71, 0x75, 0x65,
	0x73, 0x74, 0x1a, 0x21, 0x2e, 0x67, 0x61, 0x6d, 0x65, 0x2e, 0x43, 0x6c, 0x61, 0x69, 0x6d, 0x53,
	0x65, 0x76, 0x65, 0x6e, 0x44, 0x61, 0x79, 0x52, 0x65, 0x77, 0x61, 0x72, 0x64, 0x52, 0x65, 0x73,
	0x70, 0x6f, 0x6e, 0x73, 0x65, 0x22, 0x22, 0x82, 0xd3, 0xe4, 0x93, 0x02, 0x1c, 0x3a, 0x01, 0x2a,
	0x22, 0x17, 0x2f, 0x76, 0x32, 0x2f, 0x67, 0x61, 0x6d, 0x65, 0x2f, 0x73, 0x65, 0x76, 0x65, 0x6e,
	0x64, 0x61, 0x79, 0x2f, 0x63, 0x6c, 0x61, 0x69, 0x6d, 0x12, 0x60, 0x0a, 0x0c, 0x50, 0x75, 0x72,
	0x63, 0x68, 0x61, 0x73, 0x65, 0x54, 0x65, 0x73, 0x74, 0x12, 0x15, 0x2e, 0x67, 0x61, 0x6d, 0x65,
	0x2e, 0x50, 0x75, 0x72, 0x63, 0x68, 0x61, 0x73, 0x65, 0x52, 0x65, 0x71, 0x75, 0x65, 0x73, 0x74,
	0x1a, 0x16, 0x2e, 0x67, 0x61, 0x6d, 0x65, 0x2e, 0x50, 0x75, 0x72, 0x63, 0x68, 0x61, 0x73, 0x65,
	0x52, 0x65, 0x73, 0x70, 0x6f, 0x6e, 0x73, 0x65, 0x22, 0x21, 0x82, 0xd3, 0xe4, 0x93, 0x02, 0x1b,
	0x3a, 0x01, 0x2a, 0x22, 0x16, 0x2f, 0x76, 0x32, 0x2f, 0x67, 0x61, 0x6d, 0x65, 0x2f, 0x70, 0x75,
	0x72, 0x63, 0x68, 0x61, 0x73, 0x65, 0x2f, 0x74, 0x65, 0x73, 0x74, 0x42, 0xba, 0x03, 0x92, 0x41,
	0xcf, 0x02, 0x12, 0x75, 0x0a, 0x0d, 0x4e, 0x61, 0x6b, 0x61, 0x6d, 0x61, 0x20, 0x41, 0x50, 0x49,
	0x20, 0x76, 0x32, 0x22, 0x5f, 0x0a, 0x21, 0x54, 0x68, 0x65, 0x20, 0x4e, 0x61, 0x6b, 0x61, 0x6d,
	0x61, 0x20, 0x41, 0x75, 0x74, 0x68, 0x6f, 0x72, 0x73, 0x20, 0x26, 0x20, 0x43, 0x6f, 0x6e, 0x74,
	0x72, 0x69, 0x62, 0x75, 0x74, 0x6f, 0x72, 0x73, 0x12, 0x24, 0x68, 0x74, 0x74, 0x70, 0x73, 0x3a,
	0x2f, 0x2f, 0x67, 0x69, 0x74, 0x68, 0x75, 0x62, 0x2e, 0x63, 0x6f, 0x6d, 0x2f, 0x68, 0x65, 0x72,
	0x6f, 0x69, 0x63, 0x6c, 0x61, 0x62, 0x73, 0x2f, 0x6e, 0x61, 0x6b, 0x61, 0x6d, 0x61, 0x1a, 0x14,
	0x68, 0x65, 0x6c, 0x6c, 0x6f, 0x40, 0x68, 0x65, 0x72, 0x6f, 0x69, 0x63, 0x6c, 0x61, 0x62, 0x73,
	0x2e, 0x63, 0x6f, 0x6d, 0x32, 0x03, 0x32, 0x2e, 0x30, 0x1a, 0x0e, 0x31, 0x32, 0x37, 0x2e, 0x30,
	0x2e, 0x30, 0x2e, 0x31, 0x3a, 0x37, 0x33, 0x35, 0x30, 0x2a, 0x01, 0x01, 0x32, 0x10, 0x61, 0x70,
	0x70, 0x6c, 0x69, 0x63, 0x61, 0x74, 0x69, 0x6f, 0x6e, 0x2f, 0x6a, 0x73, 0x6f, 0x6e, 0x3a, 0x10,
	0x61, 0x70, 0x70, 0x6c, 0x69, 0x63, 0x61, 0x74, 0x69, 0x6f, 0x6e, 0x2f, 0x6a, 0x73, 0x6f, 0x6e,
	0x5a, 0x52, 0x0a, 0x0f, 0x0a, 0x09, 0x42, 0x61, 0x73, 0x69, 0x63, 0x41, 0x75, 0x74, 0x68, 0x12,
	0x02, 0x08, 0x01, 0x0a, 0x20, 0x0a, 0x09, 0x42, 0x65, 0x61, 0x72, 0x65, 0x72, 0x4a, 0x77, 0x74,
	0x12, 0x13, 0x08, 0x02, 0x1a, 0x0d, 0x41, 0x75, 0x74, 0x68, 0x6f, 0x72, 0x69, 0x7a, 0x61, 0x74,
	0x69, 0x6f, 0x6e, 0x20, 0x02, 0x0a, 0x1d, 0x0a, 0x0b, 0x48, 0x74, 0x74, 0x70, 0x4b, 0x65, 0x79,
	0x41, 0x75, 0x74, 0x68, 0x12, 0x0e, 0x08, 0x02, 0x1a, 0x08, 0x68, 0x74, 0x74, 0x70, 0x5f, 0x6b,
	0x65, 0x79, 0x20, 0x02, 0x62, 0x0f, 0x0a, 0x0d, 0x0a, 0x09, 0x42, 0x65, 0x61, 0x72, 0x65, 0x72,
	0x4a, 0x77, 0x74, 0x12, 0x00, 0x72, 0x3a, 0x0a, 0x1b, 0x4e, 0x61, 0x6b, 0x61, 0x6d, 0x61, 0x20,
	0x73, 0x65, 0x72, 0x76, 0x65, 0x72, 0x20, 0x64, 0x6f, 0x63, 0x75, 0x6d, 0x65, 0x6e, 0x74, 0x61,
	0x74, 0x69, 0x6f, 0x6e, 0x12, 0x1b, 0x68, 0x74, 0x74, 0x70, 0x73, 0x3a, 0x2f, 0x2f, 0x68, 0x65,
	0x72, 0x6f, 0x69, 0x63, 0x6c, 0x61, 0x62, 0x73, 0x2e, 0x63, 0x6f, 0x6d, 0x2f, 0x64, 0x6f, 0x63,
	0x73, 0x0a, 0x19, 0x63, 0x6f, 0x6d, 0x2e, 0x68, 0x65, 0x72, 0x6f, 0x69, 0x63, 0x6c, 0x61, 0x62,
	0x73, 0x2e, 0x6e, 0x61, 0x6b, 0x61, 0x6d, 0x61, 0x2e, 0x61, 0x70, 0x69, 0x42, 0x0d, 0x4e, 0x61,
	0x6b, 0x61, 0x6d, 0x61, 0x41, 0x70, 0x69, 0x47, 0x72, 0x70, 0x63, 0x50, 0x01, 0x5a, 0x27, 0x67,
	0x69, 0x74, 0x68, 0x75, 0x62, 0x2e, 0x63, 0x6f, 0x6d, 0x2f, 0x68, 0x65, 0x72, 0x6f, 0x69, 0x63,
	0x6c, 0x61, 0x62, 0x73, 0x2f, 0x6e, 0x61, 0x6b, 0x61, 0x6d, 0x61, 0x2f, 0x76, 0x33, 0x2f, 0x61,
	0x70, 0x69, 0x67, 0x72, 0x70, 0x63, 0xaa, 0x02, 0x0f, 0x4e, 0x61, 0x6b, 0x61, 0x6d, 0x61, 0x2e,
	0x50, 0x72, 0x6f, 0x74, 0x6f, 0x62, 0x75, 0x66, 0x62, 0x06, 0x70, 0x72, 0x6f, 0x74, 0x6f, 0x33,
})

var file_apigrpc_proto_goTypes = []any{
	(*api.AddFriendsRequest)(nil),                        // 0: nakama.api.AddFriendsRequest
	(*api.AddGroupUsersRequest)(nil),                     // 1: nakama.api.AddGroupUsersRequest
	(*api.SessionRefreshRequest)(nil),                    // 2: nakama.api.SessionRefreshRequest
	(*api.SessionLogoutRequest)(nil),                     // 3: nakama.api.SessionLogoutRequest
	(*api.AuthenticateAppleRequest)(nil),                 // 4: nakama.api.AuthenticateAppleRequest
	(*api.AuthenticateCustomRequest)(nil),                // 5: nakama.api.AuthenticateCustomRequest
	(*api.AuthenticateDeviceRequest)(nil),                // 6: nakama.api.AuthenticateDeviceRequest
	(*api.AuthenticateEmailRequest)(nil),                 // 7: nakama.api.AuthenticateEmailRequest
	(*api.AuthenticateFacebookRequest)(nil),              // 8: nakama.api.AuthenticateFacebookRequest
	(*api.AuthenticateFacebookInstantGameRequest)(nil),   // 9: nakama.api.AuthenticateFacebookInstantGameRequest
	(*api.AuthenticateGameCenterRequest)(nil),            // 10: nakama.api.AuthenticateGameCenterRequest
	(*api.AuthenticateGoogleRequest)(nil),                // 11: nakama.api.AuthenticateGoogleRequest
	(*api.AuthenticateSteamRequest)(nil),                 // 12: nakama.api.AuthenticateSteamRequest
	(*api.BanGroupUsersRequest)(nil),                     // 13: nakama.api.BanGroupUsersRequest
	(*api.BlockFriendsRequest)(nil),                      // 14: nakama.api.BlockFriendsRequest
	(*api.CreateGroupRequest)(nil),                       // 15: nakama.api.CreateGroupRequest
	(*emptypb.Empty)(nil),                                // 16: google.protobuf.Empty
	(*api.DeleteFriendsRequest)(nil),                     // 17: nakama.api.DeleteFriendsRequest
	(*api.DeleteGroupRequest)(nil),                       // 18: nakama.api.DeleteGroupRequest
	(*api.DeleteLeaderboardRecordRequest)(nil),           // 19: nakama.api.DeleteLeaderboardRecordRequest
	(*api.DeleteNotificationsRequest)(nil),               // 20: nakama.api.DeleteNotificationsRequest
	(*api.DeleteTournamentRecordRequest)(nil),            // 21: nakama.api.DeleteTournamentRecordRequest
	(*api.DeleteStorageObjectsRequest)(nil),              // 22: nakama.api.DeleteStorageObjectsRequest
	(*api.Event)(nil),                                    // 23: nakama.api.Event
	(*api.GetUsersRequest)(nil),                          // 24: nakama.api.GetUsersRequest
	(*api.GetSubscriptionRequest)(nil),                   // 25: nakama.api.GetSubscriptionRequest
	(*api.ImportFacebookFriendsRequest)(nil),             // 26: nakama.api.ImportFacebookFriendsRequest
	(*api.ImportSteamFriendsRequest)(nil),                // 27: nakama.api.ImportSteamFriendsRequest
	(*api.JoinGroupRequest)(nil),                         // 28: nakama.api.JoinGroupRequest
	(*api.JoinTournamentRequest)(nil),                    // 29: nakama.api.JoinTournamentRequest
	(*api.KickGroupUsersRequest)(nil),                    // 30: nakama.api.KickGroupUsersRequest
	(*api.LeaveGroupRequest)(nil),                        // 31: nakama.api.LeaveGroupRequest
	(*api.AccountApple)(nil),                             // 32: nakama.api.AccountApple
	(*api.AccountCustom)(nil),                            // 33: nakama.api.AccountCustom
	(*api.AccountDevice)(nil),                            // 34: nakama.api.AccountDevice
	(*api.AccountEmail)(nil),                             // 35: nakama.api.AccountEmail
	(*api.LinkFacebookRequest)(nil),                      // 36: nakama.api.LinkFacebookRequest
	(*api.AccountFacebookInstantGame)(nil),               // 37: nakama.api.AccountFacebookInstantGame
	(*api.AccountGameCenter)(nil),                        // 38: nakama.api.AccountGameCenter
	(*api.AccountGoogle)(nil),                            // 39: nakama.api.AccountGoogle
	(*api.LinkSteamRequest)(nil),                         // 40: nakama.api.LinkSteamRequest
	(*api.ListChannelMessagesRequest)(nil),               // 41: nakama.api.ListChannelMessagesRequest
	(*api.ListFriendsRequest)(nil),                       // 42: nakama.api.ListFriendsRequest
	(*api.ListFriendsOfFriendsRequest)(nil),              // 43: nakama.api.ListFriendsOfFriendsRequest
	(*api.ListGroupsRequest)(nil),                        // 44: nakama.api.ListGroupsRequest
	(*api.ListGroupUsersRequest)(nil),                    // 45: nakama.api.ListGroupUsersRequest
	(*api.ListLeaderboardRecordsRequest)(nil),            // 46: nakama.api.ListLeaderboardRecordsRequest
	(*api.ListLeaderboardRecordsAroundOwnerRequest)(nil), // 47: nakama.api.ListLeaderboardRecordsAroundOwnerRequest
	(*api.ListMatchesRequest)(nil),                       // 48: nakama.api.ListMatchesRequest
	(*api.ListNotificationsRequest)(nil),                 // 49: nakama.api.ListNotificationsRequest
	(*api.ListStorageObjectsRequest)(nil),                // 50: nakama.api.ListStorageObjectsRequest
	(*api.ListSubscriptionsRequest)(nil),                 // 51: nakama.api.ListSubscriptionsRequest
	(*api.ListTournamentsRequest)(nil),                   // 52: nakama.api.ListTournamentsRequest
	(*api.ListTournamentRecordsRequest)(nil),             // 53: nakama.api.ListTournamentRecordsRequest
	(*api.ListTournamentRecordsAroundOwnerRequest)(nil),  // 54: nakama.api.ListTournamentRecordsAroundOwnerRequest
	(*api.ListUserGroupsRequest)(nil),                    // 55: nakama.api.ListUserGroupsRequest
	(*api.PromoteGroupUsersRequest)(nil),                 // 56: nakama.api.PromoteGroupUsersRequest
	(*api.DemoteGroupUsersRequest)(nil),                  // 57: nakama.api.DemoteGroupUsersRequest
	(*api.ReadStorageObjectsRequest)(nil),                // 58: nakama.api.ReadStorageObjectsRequest
	(*api.Rpc)(nil),                                      // 59: nakama.api.Rpc
	(*api.AccountFacebook)(nil),                          // 60: nakama.api.AccountFacebook
	(*api.AccountSteam)(nil),                             // 61: nakama.api.AccountSteam
	(*api.UpdateAccountRequest)(nil),                     // 62: nakama.api.UpdateAccountRequest
	(*api.UpdateGroupRequest)(nil),                       // 63: nakama.api.UpdateGroupRequest
	(*api.ValidatePurchaseAppleRequest)(nil),             // 64: nakama.api.ValidatePurchaseAppleRequest
	(*api.ValidateSubscriptionAppleRequest)(nil),         // 65: nakama.api.ValidateSubscriptionAppleRequest
	(*api.ValidatePurchaseGoogleRequest)(nil),            // 66: nakama.api.ValidatePurchaseGoogleRequest
	(*api.ValidateSubscriptionGoogleRequest)(nil),        // 67: nakama.api.ValidateSubscriptionGoogleRequest
	(*api.ValidatePurchaseHuaweiRequest)(nil),            // 68: nakama.api.ValidatePurchaseHuaweiRequest
	(*api.ValidatePurchaseFacebookInstantRequest)(nil),   // 69: nakama.api.ValidatePurchaseFacebookInstantRequest
	(*api.WriteLeaderboardRecordRequest)(nil),            // 70: nakama.api.WriteLeaderboardRecordRequest
	(*api.WriteStorageObjectsRequest)(nil),               // 71: nakama.api.WriteStorageObjectsRequest
	(*api.WriteTournamentRecordRequest)(nil),             // 72: nakama.api.WriteTournamentRecordRequest
	(*game.RedeemGiftRequest)(nil),                       // 73: game.RedeemGiftRequest
	(*game.FeedbackRequest)(nil),                         // 74: game.FeedbackRequest
	(*game.AuthenticateWechatRequest)(nil),               // 75: game.AuthenticateWechatRequest
	(*game.AuthenticateTiktokRequest)(nil),               // 76: game.AuthenticateTiktokRequest
	(*game.SubmitBeInvitedRequest)(nil),                  // 77: game.SubmitBeInvitedRequest
	(*game.ClaimInviteRewardRequest)(nil),                // 78: game.ClaimInviteRewardRequest
	(*game.ClaimByteRewardRequest)(nil),                  // 79: game.ClaimByteRewardRequest
	(*game.ListPublishedAnnouncementsRequest)(nil),       // 80: game.ListPublishedAnnouncementsRequest
	(*game.MarkNotificationsReadRequest)(nil),            // 81: game.MarkNotificationsReadRequest
	(*game.ClaimNotificationAttachmentsRequest)(nil),     // 82: game.ClaimNotificationAttachmentsRequest
	(*game.OperateWalletRequest)(nil),                    // 83: game.OperateWalletRequest
	(*game.GetWalletDataRequest)(nil),                    // 84: game.GetWalletDataRequest
	(*game.OperateInventoryRequest)(nil),                 // 85: game.OperateInventoryRequest
	(*game.GetInventoryDataRequest)(nil),                 // 86: game.GetInventoryDataRequest
	(*game.BuyShopItemRequest)(nil),                      // 87: game.BuyShopItemRequest
	(*game.RefreshShopRequest)(nil),                      // 88: game.RefreshShopRequest
	(*game.BuyBoxItemRequest)(nil),                       // 89: game.BuyBoxItemRequest
	(*game.ClaimChapterItemRequest)(nil),                 // 90: game.ClaimChapterItemRequest
	(*game.ClaimGemItemRequest)(nil),                     // 91: game.ClaimGemItemRequest
	(*game.EndBattleRequest)(nil),                        // 92: game.EndBattleRequest
	(*game.ClaimBattleRewardByShareRequest)(nil),         // 93: game.ClaimBattleRewardByShareRequest
	(*game.ClaimMoppingRewardRequest)(nil),               // 94: game.ClaimMoppingRewardRequest
	(*game.ClaimOnHookRewardRequest)(nil),                // 95: game.ClaimOnHookRewardRequest
	(*game.UpgradeEquipRequest)(nil),                     // 96: game.UpgradeEquipRequest
	(*game.UpgradeCrystalTechRequest)(nil),               // 97: game.UpgradeCrystalTechRequest
	(*game.ClaimLevelBoxRequest)(nil),                    // 98: game.ClaimLevelBoxRequest
	(*game.ClaimSignInRewardRequest)(nil),                // 99: game.ClaimSignInRewardRequest
	(*game.GetFirstChargeStatusRequest)(nil),             // 100: game.GetFirstChargeStatusRequest
	(*game.ClaimFirstChargeRewardRequest)(nil),           // 101: game.ClaimFirstChargeRewardRequest
	(*game.GetTaskRequest)(nil),                          // 102: game.GetTaskRequest
	(*game.ClaimTaskRewardRequest)(nil),                  // 103: game.ClaimTaskRewardRequest
	(*game.ClaimLivenessRewardRequest)(nil),              // 104: game.ClaimLivenessRewardRequest
	(*game.ClaimVipRewardRequest)(nil),                   // 105: game.ClaimVipRewardRequest
	(*game.GetSevenDayStatusRequest)(nil),                // 106: game.GetSevenDayStatusRequest
	(*game.ClaimSevenDayRewardRequest)(nil),              // 107: game.ClaimSevenDayRewardRequest
	(*game.PurchaseRequest)(nil),                         // 108: game.PurchaseRequest
	(*api.Session)(nil),                                  // 109: nakama.api.Session
	(*api.Group)(nil),                                    // 110: nakama.api.Group
	(*api.Account)(nil),                                  // 111: nakama.api.Account
	(*api.Users)(nil),                                    // 112: nakama.api.Users
	(*api.ValidatedSubscription)(nil),                    // 113: nakama.api.ValidatedSubscription
	(*api.MatchmakerStats)(nil),                          // 114: nakama.api.MatchmakerStats
	(*api.ChannelMessageList)(nil),                       // 115: nakama.api.ChannelMessageList
	(*api.FriendList)(nil),                               // 116: nakama.api.FriendList
	(*api.FriendsOfFriendsList)(nil),                     // 117: nakama.api.FriendsOfFriendsList
	(*api.GroupList)(nil),                                // 118: nakama.api.GroupList
	(*api.GroupUserList)(nil),                            // 119: nakama.api.GroupUserList
	(*api.LeaderboardRecordList)(nil),                    // 120: nakama.api.LeaderboardRecordList
	(*api.MatchList)(nil),                                // 121: nakama.api.MatchList
	(*api.NotificationList)(nil),                         // 122: nakama.api.NotificationList
	(*api.StorageObjectList)(nil),                        // 123: nakama.api.StorageObjectList
	(*api.SubscriptionList)(nil),                         // 124: nakama.api.SubscriptionList
	(*api.TournamentList)(nil),                           // 125: nakama.api.TournamentList
	(*api.TournamentRecordList)(nil),                     // 126: nakama.api.TournamentRecordList
	(*api.UserGroupList)(nil),                            // 127: nakama.api.UserGroupList
	(*api.StorageObjects)(nil),                           // 128: nakama.api.StorageObjects
	(*api.ValidatePurchaseResponse)(nil),                 // 129: nakama.api.ValidatePurchaseResponse
	(*api.ValidateSubscriptionResponse)(nil),             // 130: nakama.api.ValidateSubscriptionResponse
	(*api.LeaderboardRecord)(nil),                        // 131: nakama.api.LeaderboardRecord
	(*api.StorageObjectAcks)(nil),                        // 132: nakama.api.StorageObjectAcks
	(*game.RedeemGiftResponse)(nil),                      // 133: game.RedeemGiftResponse
	(*game.ListInviteeResponse)(nil),                     // 134: game.ListInviteeResponse
	(*game.ClaimByteRewardResponse)(nil),                 // 135: game.ClaimByteRewardResponse
	(*game.GetGameTimeResponse)(nil),                     // 136: game.GetGameTimeResponse
	(*game.ListPublishedAnnouncementsResponse)(nil),      // 137: game.ListPublishedAnnouncementsResponse
	(*game.MarkNotificationsReadResponse)(nil),           // 138: game.MarkNotificationsReadResponse
	(*game.ClaimNotificationAttachmentsResponse)(nil),    // 139: game.ClaimNotificationAttachmentsResponse
	(*game.StaminaData)(nil),                             // 140: game.StaminaData
	(*game.EquipData)(nil),                               // 141: game.EquipData
	(*game.OperateWalletResponse)(nil),                   // 142: game.OperateWalletResponse
	(*game.GetWalletDataResponse)(nil),                   // 143: game.GetWalletDataResponse
	(*game.OperateInventoryResponse)(nil),                // 144: game.OperateInventoryResponse
	(*game.GetInventoryDataResponse)(nil),                // 145: game.GetInventoryDataResponse
	(*game.ShopData)(nil),                                // 146: game.ShopData
	(*game.BuyShopItemResponse)(nil),                     // 147: game.BuyShopItemResponse
	(*game.RefreshShopResponse)(nil),                     // 148: game.RefreshShopResponse
	(*game.BoxShopData)(nil),                             // 149: game.BoxShopData
	(*game.BuyBoxItemResponse)(nil),                      // 150: game.BuyBoxItemResponse
	(*game.ChapterShopData)(nil),                         // 151: game.ChapterShopData
	(*game.ClaimChapterItemResponse)(nil),                // 152: game.ClaimChapterItemResponse
	(*game.GemShopData)(nil),                             // 153: game.GemShopData
	(*game.ClaimGemItemResponse)(nil),                    // 154: game.ClaimGemItemResponse
	(*game.EndBattleResponse)(nil),                       // 155: game.EndBattleResponse
	(*game.ClaimBattleRewardByShareResponse)(nil),        // 156: game.ClaimBattleRewardByShareResponse
	(*game.ClaimMoppingRewardResponse)(nil),              // 157: game.ClaimMoppingRewardResponse
	(*game.ClaimOnHookRewardResponse)(nil),               // 158: game.ClaimOnHookRewardResponse
	(*game.UpgradeEquipResponse)(nil),                    // 159: game.UpgradeEquipResponse
	(*game.UpgradeCrystalTechResponse)(nil),              // 160: game.UpgradeCrystalTechResponse
	(*game.ClaimLevelBoxResponse)(nil),                   // 161: game.ClaimLevelBoxResponse
	(*game.ClaimSignInRewardResponse)(nil),               // 162: game.ClaimSignInRewardResponse
	(*game.GetSignInRewardResponse)(nil),                 // 163: game.GetSignInRewardResponse
	(*game.GetFirstChargeStatusResponse)(nil),            // 164: game.GetFirstChargeStatusResponse
	(*game.ClaimFirstChargeRewardResponse)(nil),          // 165: game.ClaimFirstChargeRewardResponse
	(*game.GetTaskResponse)(nil),                         // 166: game.GetTaskResponse
	(*game.ClaimTaskRewardResponse)(nil),                 // 167: game.ClaimTaskRewardResponse
	(*game.ClaimLivenessRewardResponse)(nil),             // 168: game.ClaimLivenessRewardResponse
	(*game.ClaimVipRewardResponse)(nil),                  // 169: game.ClaimVipRewardResponse
	(*game.CheckVipStatusResponse)(nil),                  // 170: game.CheckVipStatusResponse
	(*game.GetSevenDayStatusResponse)(nil),               // 171: game.GetSevenDayStatusResponse
	(*game.ClaimSevenDayRewardResponse)(nil),             // 172: game.ClaimSevenDayRewardResponse
	(*game.PurchaseResponse)(nil),                        // 173: game.PurchaseResponse
}
var file_apigrpc_proto_depIdxs = []int32{
	0,   // 0: nakama.api.Nakama.AddFriends:input_type -> nakama.api.AddFriendsRequest
	1,   // 1: nakama.api.Nakama.AddGroupUsers:input_type -> nakama.api.AddGroupUsersRequest
	2,   // 2: nakama.api.Nakama.SessionRefresh:input_type -> nakama.api.SessionRefreshRequest
	3,   // 3: nakama.api.Nakama.SessionLogout:input_type -> nakama.api.SessionLogoutRequest
	4,   // 4: nakama.api.Nakama.AuthenticateApple:input_type -> nakama.api.AuthenticateAppleRequest
	5,   // 5: nakama.api.Nakama.AuthenticateCustom:input_type -> nakama.api.AuthenticateCustomRequest
	6,   // 6: nakama.api.Nakama.AuthenticateDevice:input_type -> nakama.api.AuthenticateDeviceRequest
	7,   // 7: nakama.api.Nakama.AuthenticateEmail:input_type -> nakama.api.AuthenticateEmailRequest
	8,   // 8: nakama.api.Nakama.AuthenticateFacebook:input_type -> nakama.api.AuthenticateFacebookRequest
	9,   // 9: nakama.api.Nakama.AuthenticateFacebookInstantGame:input_type -> nakama.api.AuthenticateFacebookInstantGameRequest
	10,  // 10: nakama.api.Nakama.AuthenticateGameCenter:input_type -> nakama.api.AuthenticateGameCenterRequest
	11,  // 11: nakama.api.Nakama.AuthenticateGoogle:input_type -> nakama.api.AuthenticateGoogleRequest
	12,  // 12: nakama.api.Nakama.AuthenticateSteam:input_type -> nakama.api.AuthenticateSteamRequest
	13,  // 13: nakama.api.Nakama.BanGroupUsers:input_type -> nakama.api.BanGroupUsersRequest
	14,  // 14: nakama.api.Nakama.BlockFriends:input_type -> nakama.api.BlockFriendsRequest
	15,  // 15: nakama.api.Nakama.CreateGroup:input_type -> nakama.api.CreateGroupRequest
	16,  // 16: nakama.api.Nakama.DeleteAccount:input_type -> google.protobuf.Empty
	17,  // 17: nakama.api.Nakama.DeleteFriends:input_type -> nakama.api.DeleteFriendsRequest
	18,  // 18: nakama.api.Nakama.DeleteGroup:input_type -> nakama.api.DeleteGroupRequest
	19,  // 19: nakama.api.Nakama.DeleteLeaderboardRecord:input_type -> nakama.api.DeleteLeaderboardRecordRequest
	20,  // 20: nakama.api.Nakama.DeleteNotifications:input_type -> nakama.api.DeleteNotificationsRequest
	21,  // 21: nakama.api.Nakama.DeleteTournamentRecord:input_type -> nakama.api.DeleteTournamentRecordRequest
	22,  // 22: nakama.api.Nakama.DeleteStorageObjects:input_type -> nakama.api.DeleteStorageObjectsRequest
	23,  // 23: nakama.api.Nakama.Event:input_type -> nakama.api.Event
	16,  // 24: nakama.api.Nakama.GetAccount:input_type -> google.protobuf.Empty
	24,  // 25: nakama.api.Nakama.GetUsers:input_type -> nakama.api.GetUsersRequest
	25,  // 26: nakama.api.Nakama.GetSubscription:input_type -> nakama.api.GetSubscriptionRequest
	16,  // 27: nakama.api.Nakama.GetMatchmakerStats:input_type -> google.protobuf.Empty
	16,  // 28: nakama.api.Nakama.Healthcheck:input_type -> google.protobuf.Empty
	26,  // 29: nakama.api.Nakama.ImportFacebookFriends:input_type -> nakama.api.ImportFacebookFriendsRequest
	27,  // 30: nakama.api.Nakama.ImportSteamFriends:input_type -> nakama.api.ImportSteamFriendsRequest
	28,  // 31: nakama.api.Nakama.JoinGroup:input_type -> nakama.api.JoinGroupRequest
	29,  // 32: nakama.api.Nakama.JoinTournament:input_type -> nakama.api.JoinTournamentRequest
	30,  // 33: nakama.api.Nakama.KickGroupUsers:input_type -> nakama.api.KickGroupUsersRequest
	31,  // 34: nakama.api.Nakama.LeaveGroup:input_type -> nakama.api.LeaveGroupRequest
	32,  // 35: nakama.api.Nakama.LinkApple:input_type -> nakama.api.AccountApple
	33,  // 36: nakama.api.Nakama.LinkCustom:input_type -> nakama.api.AccountCustom
	34,  // 37: nakama.api.Nakama.LinkDevice:input_type -> nakama.api.AccountDevice
	35,  // 38: nakama.api.Nakama.LinkEmail:input_type -> nakama.api.AccountEmail
	36,  // 39: nakama.api.Nakama.LinkFacebook:input_type -> nakama.api.LinkFacebookRequest
	37,  // 40: nakama.api.Nakama.LinkFacebookInstantGame:input_type -> nakama.api.AccountFacebookInstantGame
	38,  // 41: nakama.api.Nakama.LinkGameCenter:input_type -> nakama.api.AccountGameCenter
	39,  // 42: nakama.api.Nakama.LinkGoogle:input_type -> nakama.api.AccountGoogle
	40,  // 43: nakama.api.Nakama.LinkSteam:input_type -> nakama.api.LinkSteamRequest
	41,  // 44: nakama.api.Nakama.ListChannelMessages:input_type -> nakama.api.ListChannelMessagesRequest
	42,  // 45: nakama.api.Nakama.ListFriends:input_type -> nakama.api.ListFriendsRequest
	43,  // 46: nakama.api.Nakama.ListFriendsOfFriends:input_type -> nakama.api.ListFriendsOfFriendsRequest
	44,  // 47: nakama.api.Nakama.ListGroups:input_type -> nakama.api.ListGroupsRequest
	45,  // 48: nakama.api.Nakama.ListGroupUsers:input_type -> nakama.api.ListGroupUsersRequest
	46,  // 49: nakama.api.Nakama.ListLeaderboardRecords:input_type -> nakama.api.ListLeaderboardRecordsRequest
	47,  // 50: nakama.api.Nakama.ListLeaderboardRecordsAroundOwner:input_type -> nakama.api.ListLeaderboardRecordsAroundOwnerRequest
	48,  // 51: nakama.api.Nakama.ListMatches:input_type -> nakama.api.ListMatchesRequest
	49,  // 52: nakama.api.Nakama.ListNotifications:input_type -> nakama.api.ListNotificationsRequest
	50,  // 53: nakama.api.Nakama.ListStorageObjects:input_type -> nakama.api.ListStorageObjectsRequest
	51,  // 54: nakama.api.Nakama.ListSubscriptions:input_type -> nakama.api.ListSubscriptionsRequest
	52,  // 55: nakama.api.Nakama.ListTournaments:input_type -> nakama.api.ListTournamentsRequest
	53,  // 56: nakama.api.Nakama.ListTournamentRecords:input_type -> nakama.api.ListTournamentRecordsRequest
	54,  // 57: nakama.api.Nakama.ListTournamentRecordsAroundOwner:input_type -> nakama.api.ListTournamentRecordsAroundOwnerRequest
	55,  // 58: nakama.api.Nakama.ListUserGroups:input_type -> nakama.api.ListUserGroupsRequest
	56,  // 59: nakama.api.Nakama.PromoteGroupUsers:input_type -> nakama.api.PromoteGroupUsersRequest
	57,  // 60: nakama.api.Nakama.DemoteGroupUsers:input_type -> nakama.api.DemoteGroupUsersRequest
	58,  // 61: nakama.api.Nakama.ReadStorageObjects:input_type -> nakama.api.ReadStorageObjectsRequest
	59,  // 62: nakama.api.Nakama.RpcFunc:input_type -> nakama.api.Rpc
	32,  // 63: nakama.api.Nakama.UnlinkApple:input_type -> nakama.api.AccountApple
	33,  // 64: nakama.api.Nakama.UnlinkCustom:input_type -> nakama.api.AccountCustom
	34,  // 65: nakama.api.Nakama.UnlinkDevice:input_type -> nakama.api.AccountDevice
	35,  // 66: nakama.api.Nakama.UnlinkEmail:input_type -> nakama.api.AccountEmail
	60,  // 67: nakama.api.Nakama.UnlinkFacebook:input_type -> nakama.api.AccountFacebook
	37,  // 68: nakama.api.Nakama.UnlinkFacebookInstantGame:input_type -> nakama.api.AccountFacebookInstantGame
	38,  // 69: nakama.api.Nakama.UnlinkGameCenter:input_type -> nakama.api.AccountGameCenter
	39,  // 70: nakama.api.Nakama.UnlinkGoogle:input_type -> nakama.api.AccountGoogle
	61,  // 71: nakama.api.Nakama.UnlinkSteam:input_type -> nakama.api.AccountSteam
	62,  // 72: nakama.api.Nakama.UpdateAccount:input_type -> nakama.api.UpdateAccountRequest
	63,  // 73: nakama.api.Nakama.UpdateGroup:input_type -> nakama.api.UpdateGroupRequest
	64,  // 74: nakama.api.Nakama.ValidatePurchaseApple:input_type -> nakama.api.ValidatePurchaseAppleRequest
	65,  // 75: nakama.api.Nakama.ValidateSubscriptionApple:input_type -> nakama.api.ValidateSubscriptionAppleRequest
	66,  // 76: nakama.api.Nakama.ValidatePurchaseGoogle:input_type -> nakama.api.ValidatePurchaseGoogleRequest
	67,  // 77: nakama.api.Nakama.ValidateSubscriptionGoogle:input_type -> nakama.api.ValidateSubscriptionGoogleRequest
	68,  // 78: nakama.api.Nakama.ValidatePurchaseHuawei:input_type -> nakama.api.ValidatePurchaseHuaweiRequest
	69,  // 79: nakama.api.Nakama.ValidatePurchaseFacebookInstant:input_type -> nakama.api.ValidatePurchaseFacebookInstantRequest
	70,  // 80: nakama.api.Nakama.WriteLeaderboardRecord:input_type -> nakama.api.WriteLeaderboardRecordRequest
	71,  // 81: nakama.api.Nakama.WriteStorageObjects:input_type -> nakama.api.WriteStorageObjectsRequest
	72,  // 82: nakama.api.Nakama.WriteTournamentRecord:input_type -> nakama.api.WriteTournamentRecordRequest
	73,  // 83: nakama.api.Nakama.RedeemGift:input_type -> game.RedeemGiftRequest
	74,  // 84: nakama.api.Nakama.Feedback:input_type -> game.FeedbackRequest
	75,  // 85: nakama.api.Nakama.AuthenticateWechat:input_type -> game.AuthenticateWechatRequest
	76,  // 86: nakama.api.Nakama.AuthenticateTikTok:input_type -> game.AuthenticateTiktokRequest
	77,  // 87: nakama.api.Nakama.SubmitBeInvited:input_type -> game.SubmitBeInvitedRequest
	16,  // 88: nakama.api.Nakama.ListInvitee:input_type -> google.protobuf.Empty
	78,  // 89: nakama.api.Nakama.ClaimInviteReward:input_type -> game.ClaimInviteRewardRequest
	79,  // 90: nakama.api.Nakama.ClaimByteReward:input_type -> game.ClaimByteRewardRequest
	16,  // 91: nakama.api.Nakama.GetGameTime:input_type -> google.protobuf.Empty
	80,  // 92: nakama.api.Nakama.ListPublishedAnnouncements:input_type -> game.ListPublishedAnnouncementsRequest
	81,  // 93: nakama.api.Nakama.MarkNotificationsRead:input_type -> game.MarkNotificationsReadRequest
	82,  // 94: nakama.api.Nakama.ClaimNotificationAttachments:input_type -> game.ClaimNotificationAttachmentsRequest
	16,  // 95: nakama.api.Nakama.GetCurrentStamina:input_type -> google.protobuf.Empty
	16,  // 96: nakama.api.Nakama.GetEquipData:input_type -> google.protobuf.Empty
	83,  // 97: nakama.api.Nakama.OperateWallet:input_type -> game.OperateWalletRequest
	84,  // 98: nakama.api.Nakama.GetWalletData:input_type -> game.GetWalletDataRequest
	85,  // 99: nakama.api.Nakama.OperateInventory:input_type -> game.OperateInventoryRequest
	86,  // 100: nakama.api.Nakama.GetInventoryData:input_type -> game.GetInventoryDataRequest
	16,  // 101: nakama.api.Nakama.GetShopData:input_type -> google.protobuf.Empty
	87,  // 102: nakama.api.Nakama.BuyShopItem:input_type -> game.BuyShopItemRequest
	88,  // 103: nakama.api.Nakama.RefreshShop:input_type -> game.RefreshShopRequest
	16,  // 104: nakama.api.Nakama.GetBoxShop:input_type -> google.protobuf.Empty
	89,  // 105: nakama.api.Nakama.BuyBoxItem:input_type -> game.BuyBoxItemRequest
	16,  // 106: nakama.api.Nakama.GetChapterShop:input_type -> google.protobuf.Empty
	90,  // 107: nakama.api.Nakama.ClaimChapterItem:input_type -> game.ClaimChapterItemRequest
	16,  // 108: nakama.api.Nakama.GetGemShop:input_type -> google.protobuf.Empty
	91,  // 109: nakama.api.Nakama.ClaimGemItem:input_type -> game.ClaimGemItemRequest
	92,  // 110: nakama.api.Nakama.EndBattle:input_type -> game.EndBattleRequest
	93,  // 111: nakama.api.Nakama.ClaimBattleRewardByShare:input_type -> game.ClaimBattleRewardByShareRequest
	94,  // 112: nakama.api.Nakama.ClaimMoppingReward:input_type -> game.ClaimMoppingRewardRequest
	95,  // 113: nakama.api.Nakama.ClaimOnHookReward:input_type -> game.ClaimOnHookRewardRequest
	96,  // 114: nakama.api.Nakama.UpgradeEquip:input_type -> game.UpgradeEquipRequest
	97,  // 115: nakama.api.Nakama.UpgradeCrystalTech:input_type -> game.UpgradeCrystalTechRequest
	98,  // 116: nakama.api.Nakama.ClaimLevelBox:input_type -> game.ClaimLevelBoxRequest
	99,  // 117: nakama.api.Nakama.ClaimSignInReward:input_type -> game.ClaimSignInRewardRequest
	16,  // 118: nakama.api.Nakama.GetSignInReward:input_type -> google.protobuf.Empty
	100, // 119: nakama.api.Nakama.GetFirstChargeStatus:input_type -> game.GetFirstChargeStatusRequest
	101, // 120: nakama.api.Nakama.ClaimFirstChargeReward:input_type -> game.ClaimFirstChargeRewardRequest
	102, // 121: nakama.api.Nakama.GetTask:input_type -> game.GetTaskRequest
	103, // 122: nakama.api.Nakama.ClaimTaskReward:input_type -> game.ClaimTaskRewardRequest
	104, // 123: nakama.api.Nakama.ClaimLivenessReward:input_type -> game.ClaimLivenessRewardRequest
	105, // 124: nakama.api.Nakama.ClaimVipReward:input_type -> game.ClaimVipRewardRequest
	16,  // 125: nakama.api.Nakama.CheckVipStatus:input_type -> google.protobuf.Empty
	106, // 126: nakama.api.Nakama.GetSevenDayStatus:input_type -> game.GetSevenDayStatusRequest
	107, // 127: nakama.api.Nakama.ClaimSevenDayReward:input_type -> game.ClaimSevenDayRewardRequest
	108, // 128: nakama.api.Nakama.PurchaseTest:input_type -> game.PurchaseRequest
	16,  // 129: nakama.api.Nakama.AddFriends:output_type -> google.protobuf.Empty
	16,  // 130: nakama.api.Nakama.AddGroupUsers:output_type -> google.protobuf.Empty
	109, // 131: nakama.api.Nakama.SessionRefresh:output_type -> nakama.api.Session
	16,  // 132: nakama.api.Nakama.SessionLogout:output_type -> google.protobuf.Empty
	109, // 133: nakama.api.Nakama.AuthenticateApple:output_type -> nakama.api.Session
	109, // 134: nakama.api.Nakama.AuthenticateCustom:output_type -> nakama.api.Session
	109, // 135: nakama.api.Nakama.AuthenticateDevice:output_type -> nakama.api.Session
	109, // 136: nakama.api.Nakama.AuthenticateEmail:output_type -> nakama.api.Session
	109, // 137: nakama.api.Nakama.AuthenticateFacebook:output_type -> nakama.api.Session
	109, // 138: nakama.api.Nakama.AuthenticateFacebookInstantGame:output_type -> nakama.api.Session
	109, // 139: nakama.api.Nakama.AuthenticateGameCenter:output_type -> nakama.api.Session
	109, // 140: nakama.api.Nakama.AuthenticateGoogle:output_type -> nakama.api.Session
	109, // 141: nakama.api.Nakama.AuthenticateSteam:output_type -> nakama.api.Session
	16,  // 142: nakama.api.Nakama.BanGroupUsers:output_type -> google.protobuf.Empty
	16,  // 143: nakama.api.Nakama.BlockFriends:output_type -> google.protobuf.Empty
	110, // 144: nakama.api.Nakama.CreateGroup:output_type -> nakama.api.Group
	16,  // 145: nakama.api.Nakama.DeleteAccount:output_type -> google.protobuf.Empty
	16,  // 146: nakama.api.Nakama.DeleteFriends:output_type -> google.protobuf.Empty
	16,  // 147: nakama.api.Nakama.DeleteGroup:output_type -> google.protobuf.Empty
	16,  // 148: nakama.api.Nakama.DeleteLeaderboardRecord:output_type -> google.protobuf.Empty
	16,  // 149: nakama.api.Nakama.DeleteNotifications:output_type -> google.protobuf.Empty
	16,  // 150: nakama.api.Nakama.DeleteTournamentRecord:output_type -> google.protobuf.Empty
	16,  // 151: nakama.api.Nakama.DeleteStorageObjects:output_type -> google.protobuf.Empty
	16,  // 152: nakama.api.Nakama.Event:output_type -> google.protobuf.Empty
	111, // 153: nakama.api.Nakama.GetAccount:output_type -> nakama.api.Account
	112, // 154: nakama.api.Nakama.GetUsers:output_type -> nakama.api.Users
	113, // 155: nakama.api.Nakama.GetSubscription:output_type -> nakama.api.ValidatedSubscription
	114, // 156: nakama.api.Nakama.GetMatchmakerStats:output_type -> nakama.api.MatchmakerStats
	16,  // 157: nakama.api.Nakama.Healthcheck:output_type -> google.protobuf.Empty
	16,  // 158: nakama.api.Nakama.ImportFacebookFriends:output_type -> google.protobuf.Empty
	16,  // 159: nakama.api.Nakama.ImportSteamFriends:output_type -> google.protobuf.Empty
	16,  // 160: nakama.api.Nakama.JoinGroup:output_type -> google.protobuf.Empty
	16,  // 161: nakama.api.Nakama.JoinTournament:output_type -> google.protobuf.Empty
	16,  // 162: nakama.api.Nakama.KickGroupUsers:output_type -> google.protobuf.Empty
	16,  // 163: nakama.api.Nakama.LeaveGroup:output_type -> google.protobuf.Empty
	16,  // 164: nakama.api.Nakama.LinkApple:output_type -> google.protobuf.Empty
	16,  // 165: nakama.api.Nakama.LinkCustom:output_type -> google.protobuf.Empty
	16,  // 166: nakama.api.Nakama.LinkDevice:output_type -> google.protobuf.Empty
	16,  // 167: nakama.api.Nakama.LinkEmail:output_type -> google.protobuf.Empty
	16,  // 168: nakama.api.Nakama.LinkFacebook:output_type -> google.protobuf.Empty
	16,  // 169: nakama.api.Nakama.LinkFacebookInstantGame:output_type -> google.protobuf.Empty
	16,  // 170: nakama.api.Nakama.LinkGameCenter:output_type -> google.protobuf.Empty
	16,  // 171: nakama.api.Nakama.LinkGoogle:output_type -> google.protobuf.Empty
	16,  // 172: nakama.api.Nakama.LinkSteam:output_type -> google.protobuf.Empty
	115, // 173: nakama.api.Nakama.ListChannelMessages:output_type -> nakama.api.ChannelMessageList
	116, // 174: nakama.api.Nakama.ListFriends:output_type -> nakama.api.FriendList
	117, // 175: nakama.api.Nakama.ListFriendsOfFriends:output_type -> nakama.api.FriendsOfFriendsList
	118, // 176: nakama.api.Nakama.ListGroups:output_type -> nakama.api.GroupList
	119, // 177: nakama.api.Nakama.ListGroupUsers:output_type -> nakama.api.GroupUserList
	120, // 178: nakama.api.Nakama.ListLeaderboardRecords:output_type -> nakama.api.LeaderboardRecordList
	120, // 179: nakama.api.Nakama.ListLeaderboardRecordsAroundOwner:output_type -> nakama.api.LeaderboardRecordList
	121, // 180: nakama.api.Nakama.ListMatches:output_type -> nakama.api.MatchList
	122, // 181: nakama.api.Nakama.ListNotifications:output_type -> nakama.api.NotificationList
	123, // 182: nakama.api.Nakama.ListStorageObjects:output_type -> nakama.api.StorageObjectList
	124, // 183: nakama.api.Nakama.ListSubscriptions:output_type -> nakama.api.SubscriptionList
	125, // 184: nakama.api.Nakama.ListTournaments:output_type -> nakama.api.TournamentList
	126, // 185: nakama.api.Nakama.ListTournamentRecords:output_type -> nakama.api.TournamentRecordList
	126, // 186: nakama.api.Nakama.ListTournamentRecordsAroundOwner:output_type -> nakama.api.TournamentRecordList
	127, // 187: nakama.api.Nakama.ListUserGroups:output_type -> nakama.api.UserGroupList
	16,  // 188: nakama.api.Nakama.PromoteGroupUsers:output_type -> google.protobuf.Empty
	16,  // 189: nakama.api.Nakama.DemoteGroupUsers:output_type -> google.protobuf.Empty
	128, // 190: nakama.api.Nakama.ReadStorageObjects:output_type -> nakama.api.StorageObjects
	59,  // 191: nakama.api.Nakama.RpcFunc:output_type -> nakama.api.Rpc
	16,  // 192: nakama.api.Nakama.UnlinkApple:output_type -> google.protobuf.Empty
	16,  // 193: nakama.api.Nakama.UnlinkCustom:output_type -> google.protobuf.Empty
	16,  // 194: nakama.api.Nakama.UnlinkDevice:output_type -> google.protobuf.Empty
	16,  // 195: nakama.api.Nakama.UnlinkEmail:output_type -> google.protobuf.Empty
	16,  // 196: nakama.api.Nakama.UnlinkFacebook:output_type -> google.protobuf.Empty
	16,  // 197: nakama.api.Nakama.UnlinkFacebookInstantGame:output_type -> google.protobuf.Empty
	16,  // 198: nakama.api.Nakama.UnlinkGameCenter:output_type -> google.protobuf.Empty
	16,  // 199: nakama.api.Nakama.UnlinkGoogle:output_type -> google.protobuf.Empty
	16,  // 200: nakama.api.Nakama.UnlinkSteam:output_type -> google.protobuf.Empty
	16,  // 201: nakama.api.Nakama.UpdateAccount:output_type -> google.protobuf.Empty
	16,  // 202: nakama.api.Nakama.UpdateGroup:output_type -> google.protobuf.Empty
	129, // 203: nakama.api.Nakama.ValidatePurchaseApple:output_type -> nakama.api.ValidatePurchaseResponse
	130, // 204: nakama.api.Nakama.ValidateSubscriptionApple:output_type -> nakama.api.ValidateSubscriptionResponse
	129, // 205: nakama.api.Nakama.ValidatePurchaseGoogle:output_type -> nakama.api.ValidatePurchaseResponse
	130, // 206: nakama.api.Nakama.ValidateSubscriptionGoogle:output_type -> nakama.api.ValidateSubscriptionResponse
	129, // 207: nakama.api.Nakama.ValidatePurchaseHuawei:output_type -> nakama.api.ValidatePurchaseResponse
	129, // 208: nakama.api.Nakama.ValidatePurchaseFacebookInstant:output_type -> nakama.api.ValidatePurchaseResponse
	131, // 209: nakama.api.Nakama.WriteLeaderboardRecord:output_type -> nakama.api.LeaderboardRecord
	132, // 210: nakama.api.Nakama.WriteStorageObjects:output_type -> nakama.api.StorageObjectAcks
	131, // 211: nakama.api.Nakama.WriteTournamentRecord:output_type -> nakama.api.LeaderboardRecord
	133, // 212: nakama.api.Nakama.RedeemGift:output_type -> game.RedeemGiftResponse
	16,  // 213: nakama.api.Nakama.Feedback:output_type -> google.protobuf.Empty
	109, // 214: nakama.api.Nakama.AuthenticateWechat:output_type -> nakama.api.Session
	109, // 215: nakama.api.Nakama.AuthenticateTikTok:output_type -> nakama.api.Session
	16,  // 216: nakama.api.Nakama.SubmitBeInvited:output_type -> google.protobuf.Empty
	134, // 217: nakama.api.Nakama.ListInvitee:output_type -> game.ListInviteeResponse
	16,  // 218: nakama.api.Nakama.ClaimInviteReward:output_type -> google.protobuf.Empty
	135, // 219: nakama.api.Nakama.ClaimByteReward:output_type -> game.ClaimByteRewardResponse
	136, // 220: nakama.api.Nakama.GetGameTime:output_type -> game.GetGameTimeResponse
	137, // 221: nakama.api.Nakama.ListPublishedAnnouncements:output_type -> game.ListPublishedAnnouncementsResponse
	138, // 222: nakama.api.Nakama.MarkNotificationsRead:output_type -> game.MarkNotificationsReadResponse
	139, // 223: nakama.api.Nakama.ClaimNotificationAttachments:output_type -> game.ClaimNotificationAttachmentsResponse
	140, // 224: nakama.api.Nakama.GetCurrentStamina:output_type -> game.StaminaData
	141, // 225: nakama.api.Nakama.GetEquipData:output_type -> game.EquipData
	142, // 226: nakama.api.Nakama.OperateWallet:output_type -> game.OperateWalletResponse
	143, // 227: nakama.api.Nakama.GetWalletData:output_type -> game.GetWalletDataResponse
	144, // 228: nakama.api.Nakama.OperateInventory:output_type -> game.OperateInventoryResponse
	145, // 229: nakama.api.Nakama.GetInventoryData:output_type -> game.GetInventoryDataResponse
	146, // 230: nakama.api.Nakama.GetShopData:output_type -> game.ShopData
	147, // 231: nakama.api.Nakama.BuyShopItem:output_type -> game.BuyShopItemResponse
	148, // 232: nakama.api.Nakama.RefreshShop:output_type -> game.RefreshShopResponse
	149, // 233: nakama.api.Nakama.GetBoxShop:output_type -> game.BoxShopData
	150, // 234: nakama.api.Nakama.BuyBoxItem:output_type -> game.BuyBoxItemResponse
	151, // 235: nakama.api.Nakama.GetChapterShop:output_type -> game.ChapterShopData
	152, // 236: nakama.api.Nakama.ClaimChapterItem:output_type -> game.ClaimChapterItemResponse
	153, // 237: nakama.api.Nakama.GetGemShop:output_type -> game.GemShopData
	154, // 238: nakama.api.Nakama.ClaimGemItem:output_type -> game.ClaimGemItemResponse
	155, // 239: nakama.api.Nakama.EndBattle:output_type -> game.EndBattleResponse
	156, // 240: nakama.api.Nakama.ClaimBattleRewardByShare:output_type -> game.ClaimBattleRewardByShareResponse
	157, // 241: nakama.api.Nakama.ClaimMoppingReward:output_type -> game.ClaimMoppingRewardResponse
	158, // 242: nakama.api.Nakama.ClaimOnHookReward:output_type -> game.ClaimOnHookRewardResponse
	159, // 243: nakama.api.Nakama.UpgradeEquip:output_type -> game.UpgradeEquipResponse
	160, // 244: nakama.api.Nakama.UpgradeCrystalTech:output_type -> game.UpgradeCrystalTechResponse
	161, // 245: nakama.api.Nakama.ClaimLevelBox:output_type -> game.ClaimLevelBoxResponse
	162, // 246: nakama.api.Nakama.ClaimSignInReward:output_type -> game.ClaimSignInRewardResponse
	163, // 247: nakama.api.Nakama.GetSignInReward:output_type -> game.GetSignInRewardResponse
	164, // 248: nakama.api.Nakama.GetFirstChargeStatus:output_type -> game.GetFirstChargeStatusResponse
	165, // 249: nakama.api.Nakama.ClaimFirstChargeReward:output_type -> game.ClaimFirstChargeRewardResponse
	166, // 250: nakama.api.Nakama.GetTask:output_type -> game.GetTaskResponse
	167, // 251: nakama.api.Nakama.ClaimTaskReward:output_type -> game.ClaimTaskRewardResponse
	168, // 252: nakama.api.Nakama.ClaimLivenessReward:output_type -> game.ClaimLivenessRewardResponse
	169, // 253: nakama.api.Nakama.ClaimVipReward:output_type -> game.ClaimVipRewardResponse
	170, // 254: nakama.api.Nakama.CheckVipStatus:output_type -> game.CheckVipStatusResponse
	171, // 255: nakama.api.Nakama.GetSevenDayStatus:output_type -> game.GetSevenDayStatusResponse
	172, // 256: nakama.api.Nakama.ClaimSevenDayReward:output_type -> game.ClaimSevenDayRewardResponse
	173, // 257: nakama.api.Nakama.PurchaseTest:output_type -> game.PurchaseResponse
	129, // [129:258] is the sub-list for method output_type
	0,   // [0:129] is the sub-list for method input_type
	0,   // [0:0] is the sub-list for extension type_name
	0,   // [0:0] is the sub-list for extension extendee
	0,   // [0:0] is the sub-list for field type_name
}

func init() { file_apigrpc_proto_init() }
func file_apigrpc_proto_init() {
	if File_apigrpc_proto != nil {
		return
	}
	type x struct{}
	out := protoimpl.TypeBuilder{
		File: protoimpl.DescBuilder{
			GoPackagePath: reflect.TypeOf(x{}).PkgPath(),
			RawDescriptor: unsafe.Slice(unsafe.StringData(file_apigrpc_proto_rawDesc), len(file_apigrpc_proto_rawDesc)),
			NumEnums:      0,
			NumMessages:   0,
			NumExtensions: 0,
			NumServices:   1,
		},
		GoTypes:           file_apigrpc_proto_goTypes,
		DependencyIndexes: file_apigrpc_proto_depIdxs,
	}.Build()
	File_apigrpc_proto = out.File
	file_apigrpc_proto_goTypes = nil
	file_apigrpc_proto_depIdxs = nil
}
